😀	grinning	grinning,grinning_face
😃	smiley	smiley
😄	smile	smile
😁	grin	grin
😆	laughing	laughing,satisfied
😅	sweat_smile	sweat_smile
🤣	rofl	rofl,rolling_on_the_floor_laughing
😂	joy	joy
🙂	slight_smile	slight_smile,slightly_smiling_face
🙃	upside_down	upside_down,upside_down_face
🫠	melting_face	melting_face
😉	wink	wink,winking_face
😊	blush	blush
😇	innocent	innocent
🥰	smiling_face_with_3_hearts	smiling_face_with_3_hearts
😍	heart_eyes	heart_eyes
🤩	star_struck	star_struck
😘	kissing_heart	kissing_heart
😗	kissing	kissing,kissing_face
☺️	relaxed	relaxed,smiling_face
😚	kissing_closed_eyes	kissing_closed_eyes
😙	kissing_smiling_eyes	kissing_smiling_eyes
🥲	smiling_face_with_tear	smiling_face_with_tear
😋	yum	yum
😛	stuck_out_tongue	stuck_out_tongue
😜	stuck_out_tongue_winking_eye	stuck_out_tongue_winking_eye
🤪	zany_face	zany_face
😝	stuck_out_tongue_closed_eyes	stuck_out_tongue_closed_eyes
🤑	money_mouth	money_mouth,money_mouth_face
🤗	hugging	hugging,hugging_face
🤭	face_with_hand_over_mouth	face_with_hand_over_mouth
🫢	face_with_open_eyes_and_hand_over_mouth	face_with_open_eyes_and_hand_over_mouth
🫣	face_with_peeking_eye	face_with_peeking_eye
🤫	shushing_face	shushing_face
🤔	thinking	thinking,thinking_face
🫡	saluting_face	saluting_face
🤐	zipper_mouth	zipper_mouth,zipper_mouth_face
🤨	face_with_raised_eyebrow	face_with_raised_eyebrow
😐	neutral_face	neutral_face
😑	expressionless	expressionless
😶	no_mouth	no_mouth
🫥	dotted_line_face	dotted_line_face
😶‍🌫️	face_in_clouds	face_in_clouds
😏	smirk	smirk,smirking_face
😒	unamused	unamused,unamused_face
🙄	rolling_eyes	rolling_eyes,face_with_rolling_eyes
😬	grimacing	grimacing
😮‍💨	face_exhaling	face_exhaling
🤥	lying_face	lying_face,liar
🫨	shaking_face	shaking_face
🙂‍↔️	head_shaking_horizontally	head_shaking_horizontally
🙂‍↕️	head_shaking_vertically	head_shaking_vertically
😌	relieved	relieved,relieved_face
😔	pensive	pensive,pensive_face
😪	sleepy	sleepy,sleepy_face
🤤	drooling_face	drooling_face,drool
😴	sleeping	sleeping,sleeping_face
🫩	face_with_bags_under_eyes	face_with_bags_under_eyes
😷	mask	mask
🤒	thermometer_face	thermometer_face,face_with_thermometer
🤕	head_bandage	head_bandage,face_with_head_bandage
🤢	nauseated_face	nauseated_face,sick
🤮	face_vomiting	face_vomiting
🤧	sneezing_face	sneezing_face,sneeze
🥵	hot_face	hot_face
🥶	cold_face	cold_face
🥴	woozy_face	woozy_face
😵	dizzy_face	dizzy_face
😵‍💫	face_with_spiral_eyes	face_with_spiral_eyes
🤯	exploding_head	exploding_head
🤠	cowboy	cowboy,face_with_cowboy_hat
🥳	partying_face	partying_face
🥸	disguised_face	disguised_face
😎	sunglasses	sunglasses
🤓	nerd	nerd,nerd_face
🧐	face_with_monocle	face_with_monocle
😕	confused	confused,confused_face
🫤	face_with_diagonal_mouth	face_with_diagonal_mouth
😟	worried	worried,worried_face
🙁	slight_frown	slight_frown,slightly_frowning_face
☹️	frowning2	frowning2,white_frowning_face,frowning_face
😮	open_mouth	open_mouth
😯	hushed	hushed,hushed_face
😲	astonished	astonished
😳	flushed	flushed,flushed_face
🫪	distorted_face	distorted_face
🥺	pleading_face	pleading_face
🥹	face_holding_back_tears	face_holding_back_tears
😦	frowning	frowning
😧	anguished	anguished
😨	fearful	fearful,fearful_face
😰	cold_sweat	cold_sweat
😥	disappointed_relieved	disappointed_relieved
😢	cry	cry,crying_face
😭	sob	sob
😱	scream	scream
😖	confounded	confounded
😣	persevere	persevere
😞	disappointed	disappointed
😓	sweat	sweat
😩	weary	weary,weary_face
😫	tired_face	tired_face
🥱	yawning_face	yawning_face
😤	triumph	triumph
😡	rage	rage,pouting_face
😠	angry	angry,angry_face
🤬	face_with_symbols_over_mouth	face_with_symbols_over_mouth
😈	smiling_imp	smiling_imp
👿	imp	imp
💀	skull	skull,skeleton
☠️	skull_crossbones	skull_crossbones,skull_and_crossbones
💩	poop	poop,shit,hankey,poo,pile_of_poo
🤡	clown	clown,clown_face
👹	japanese_ogre	japanese_ogre,ogre
👺	japanese_goblin	japanese_goblin,goblin
👻	ghost	ghost
👽	alien	alien
👾	space_invader	space_invader,alien_monster
🤖	robot	robot,robot_face
😺	smiley_cat	smiley_cat,grinning_cat
😸	smile_cat	smile_cat
😹	joy_cat	joy_cat
😻	heart_eyes_cat	heart_eyes_cat
😼	smirk_cat	smirk_cat
😽	kissing_cat	kissing_cat
🙀	scream_cat	scream_cat,weary_cat
😿	crying_cat_face	crying_cat_face,crying_cat
😾	pouting_cat	pouting_cat
🙈	see_no_evil	see_no_evil
🙉	hear_no_evil	hear_no_evil
🙊	speak_no_evil	speak_no_evil
💌	love_letter	love_letter
💘	cupid	cupid
💝	gift_heart	gift_heart
💖	sparkling_heart	sparkling_heart
💗	heartpulse	heartpulse,growing_heart
💓	heartbeat	heartbeat,beating_heart
💞	revolving_hearts	revolving_hearts
💕	two_hearts	two_hearts
💟	heart_decoration	heart_decoration
❣️	heart_exclamation	heart_exclamation,heavy_heart_exclamation_mark_ornament
💔	broken_heart	broken_heart
❤️‍🔥	heart_on_fire	heart_on_fire
❤️‍🩹	mending_heart	mending_heart
❤️	heart	heart,red_heart
🩷	pink_heart	pink_heart
🧡	orange_heart	orange_heart
💛	yellow_heart	yellow_heart
💚	green_heart	green_heart
💙	blue_heart	blue_heart
🩵	light_blue_heart	light_blue_heart
💜	purple_heart	purple_heart
🤎	brown_heart	brown_heart
🖤	black_heart	black_heart
🩶	grey_heart	grey_heart
🤍	white_heart	white_heart
💋	kiss	kiss,kiss_mark
💯	100	100
💢	anger	anger
🫯	fight_cloud	fight_cloud
💥	boom	boom,collision
💫	dizzy	dizzy
💦	sweat_drops	sweat_drops
💨	dash	dash,dashing_away
🕳️	hole	hole
💬	speech_balloon	speech_balloon
👁️‍🗨️	eye_in_speech_bubble	eye_in_speech_bubble
🗨️	speech_left	speech_left,left_speech_bubble
🗯️	anger_right	anger_right,right_anger_bubble
💭	thought_balloon	thought_balloon
💤	zzz	zzz
👋	wave	wave,waving_hand
👋🏻	wave_tone1	wave_tone1
👋🏼	wave_tone2	wave_tone2
👋🏽	wave_tone3	wave_tone3
👋🏾	wave_tone4	wave_tone4
👋🏿	wave_tone5	wave_tone5
🤚	raised_back_of_hand	raised_back_of_hand,back_of_hand
🤚🏻	raised_back_of_hand_tone1	raised_back_of_hand_tone1,back_of_hand_tone1
🤚🏼	raised_back_of_hand_tone2	raised_back_of_hand_tone2,back_of_hand_tone2
🤚🏽	raised_back_of_hand_tone3	raised_back_of_hand_tone3,back_of_hand_tone3
🤚🏾	raised_back_of_hand_tone4	raised_back_of_hand_tone4,back_of_hand_tone4
🤚🏿	raised_back_of_hand_tone5	raised_back_of_hand_tone5,back_of_hand_tone5
🖐️	hand_splayed	hand_splayed,raised_hand_with_fingers_splayed
🖐🏻	hand_splayed_tone1	hand_splayed_tone1,raised_hand_with_fingers_splayed_tone1
🖐🏼	hand_splayed_tone2	hand_splayed_tone2,raised_hand_with_fingers_splayed_tone2
🖐🏽	hand_splayed_tone3	hand_splayed_tone3,raised_hand_with_fingers_splayed_tone3
🖐🏾	hand_splayed_tone4	hand_splayed_tone4,raised_hand_with_fingers_splayed_tone4
🖐🏿	hand_splayed_tone5	hand_splayed_tone5,raised_hand_with_fingers_splayed_tone5
✋	raised_hand	raised_hand
✋🏻	raised_hand_tone1	raised_hand_tone1
✋🏼	raised_hand_tone2	raised_hand_tone2
✋🏽	raised_hand_tone3	raised_hand_tone3
✋🏾	raised_hand_tone4	raised_hand_tone4
✋🏿	raised_hand_tone5	raised_hand_tone5
🖖	vulcan	vulcan,raised_hand_with_part_between_middle_and_ring_fingers,vulcan_salute
🖖🏻	vulcan_tone1	vulcan_tone1,raised_hand_with_part_between_middle_and_ring_fingers_tone1
🖖🏼	vulcan_tone2	vulcan_tone2,raised_hand_with_part_between_middle_and_ring_fingers_tone2
🖖🏽	vulcan_tone3	vulcan_tone3,raised_hand_with_part_between_middle_and_ring_fingers_tone3
🖖🏾	vulcan_tone4	vulcan_tone4,raised_hand_with_part_between_middle_and_ring_fingers_tone4
🖖🏿	vulcan_tone5	vulcan_tone5,raised_hand_with_part_between_middle_and_ring_fingers_tone5
🫱	rightwards_hand	rightwards_hand
🫱🏻	rightwards_hand_tone1	rightwards_hand_tone1,rightwards_hand_light_skin_tone
🫱🏼	rightwards_hand_tone2	rightwards_hand_tone2,rightwards_hand_medium_light_skin_tone
🫱🏽	rightwards_hand_tone3	rightwards_hand_tone3,rightwards_hand_medium_skin_tone
🫱🏾	rightwards_hand_tone4	rightwards_hand_tone4,rightwards_hand_medium_dark_skin_tone
🫱🏿	rightwards_hand_tone5	rightwards_hand_tone5,rightwards_hand_dark_skin_tone
🫲	leftwards_hand	leftwards_hand
🫲🏻	leftwards_hand_tone1	leftwards_hand_tone1,leftwards_hand_light_skin_tone
🫲🏼	leftwards_hand_tone2	leftwards_hand_tone2,leftwards_hand_medium_light_skin_tone
🫲🏽	leftwards_hand_tone3	leftwards_hand_tone3,leftwards_hand_medium_skin_tone
🫲🏾	leftwards_hand_tone4	leftwards_hand_tone4,leftwards_hand_medium_dark_skin_tone
🫲🏿	leftwards_hand_tone5	leftwards_hand_tone5,leftwards_hand_dark_skin_tone
🫳	palm_down_hand	palm_down_hand
🫳🏻	palm_down_hand_tone1	palm_down_hand_tone1,palm_down_hand_light_skin_tone
🫳🏼	palm_down_hand_tone2	palm_down_hand_tone2,palm_down_hand_medium_light_skin_tone
🫳🏽	palm_down_hand_tone3	palm_down_hand_tone3,palm_down_hand_medium_skin_tone
🫳🏾	palm_down_hand_tone4	palm_down_hand_tone4,palm_down_hand_medium_dark_skin_tone
🫳🏿	palm_down_hand_tone5	palm_down_hand_tone5,palm_down_hand_dark_skin_tone
🫴	palm_up_hand	palm_up_hand
🫴🏻	palm_up_hand_tone1	palm_up_hand_tone1,palm_up_hand_light_skin_tone
🫴🏼	palm_up_hand_tone2	palm_up_hand_tone2,palm_up_hand_medium_light_skin_tone
🫴🏽	palm_up_hand_tone3	palm_up_hand_tone3,palm_up_hand_medium_skin_tone
🫴🏾	palm_up_hand_tone4	palm_up_hand_tone4,palm_up_hand_medium_dark_skin_tone
🫴🏿	palm_up_hand_tone5	palm_up_hand_tone5,palm_up_hand_dark_skin_tone
🫷	leftwards_pushing_hand	leftwards_pushing_hand
🫷🏻	leftwards_pushing_hand_tone1	leftwards_pushing_hand_tone1,leftwards_pushing_hand_light_skin_tone
🫷🏼	leftwards_pushing_hand_tone2	leftwards_pushing_hand_tone2,leftwards_pushing_hand_medium_light_skin_tone
🫷🏽	leftwards_pushing_hand_tone3	leftwards_pushing_hand_tone3,leftwards_pushing_hand_medium_skin_tone
🫷🏾	leftwards_pushing_hand_tone4	leftwards_pushing_hand_tone4,leftwards_pushing_hand_medium_dark_skin_tone
🫷🏿	leftwards_pushing_hand_tone5	leftwards_pushing_hand_tone5,leftwards_pushing_hand_dark_skin_tone
🫸	rightwards_pushing_hand	rightwards_pushing_hand
🫸🏻	rightwards_pushing_hand_tone1	rightwards_pushing_hand_tone1,rightwards_pushing_hand_light_skin_tone
🫸🏼	rightwards_pushing_hand_tone2	rightwards_pushing_hand_tone2,rightwards_pushing_hand_medium_light_skin_tone
🫸🏽	rightwards_pushing_hand_tone3	rightwards_pushing_hand_tone3,rightwards_pushing_hand_medium_skin_tone
🫸🏾	rightwards_pushing_hand_tone4	rightwards_pushing_hand_tone4,rightwards_pushing_hand_medium_dark_skin_tone
🫸🏿	rightwards_pushing_hand_tone5	rightwards_pushing_hand_tone5,rightwards_pushing_hand_dark_skin_tone
👌	ok_hand	ok_hand
👌🏻	ok_hand_tone1	ok_hand_tone1
👌🏼	ok_hand_tone2	ok_hand_tone2
👌🏽	ok_hand_tone3	ok_hand_tone3
👌🏾	ok_hand_tone4	ok_hand_tone4
👌🏿	ok_hand_tone5	ok_hand_tone5
🤌	pinched_fingers	pinched_fingers
🤌🏻	pinched_fingers_tone1	pinched_fingers_tone1,pinched_fingers_light_skin_tone
🤌🏼	pinched_fingers_tone2	pinched_fingers_tone2,pinched_fingers_medium_light_skin_tone
🤌🏽	pinched_fingers_tone3	pinched_fingers_tone3,pinched_fingers_medium_skin_tone
🤌🏾	pinched_fingers_tone4	pinched_fingers_tone4,pinched_fingers_medium_dark_skin_tone
🤌🏿	pinched_fingers_tone5	pinched_fingers_tone5,pinched_fingers_dark_skin_tone
🤏	pinching_hand	pinching_hand
🤏🏻	pinching_hand_tone1	pinching_hand_tone1,pinching_hand_light_skin_tone
🤏🏼	pinching_hand_tone2	pinching_hand_tone2,pinching_hand_medium_light_skin_tone
🤏🏽	pinching_hand_tone3	pinching_hand_tone3,pinching_hand_medium_skin_tone
🤏🏾	pinching_hand_tone4	pinching_hand_tone4,pinching_hand_medium_dark_skin_tone
🤏🏿	pinching_hand_tone5	pinching_hand_tone5,pinching_hand_dark_skin_tone
✌️	v	v,victory_hand
✌🏻	v_tone1	v_tone1
✌🏼	v_tone2	v_tone2
✌🏽	v_tone3	v_tone3
✌🏾	v_tone4	v_tone4
✌🏿	v_tone5	v_tone5
🤞	fingers_crossed	fingers_crossed,hand_with_index_and_middle_finger_crossed
🤞🏻	fingers_crossed_tone1	fingers_crossed_tone1,hand_with_index_and_middle_fingers_crossed_tone1
🤞🏼	fingers_crossed_tone2	fingers_crossed_tone2,hand_with_index_and_middle_fingers_crossed_tone2
🤞🏽	fingers_crossed_tone3	fingers_crossed_tone3,hand_with_index_and_middle_fingers_crossed_tone3
🤞🏾	fingers_crossed_tone4	fingers_crossed_tone4,hand_with_index_and_middle_fingers_crossed_tone4
🤞🏿	fingers_crossed_tone5	fingers_crossed_tone5,hand_with_index_and_middle_fingers_crossed_tone5
🫰	hand_with_index_finger_and_thumb_crossed	hand_with_index_finger_and_thumb_crossed
🫰🏻	hand_with_index_finger_and_thumb_crossed_tone1	hand_with_index_finger_and_thumb_crossed_tone1,hand_with_index_finger_and_thumb_crossed_light_skin_tone
🫰🏼	hand_with_index_finger_and_thumb_crossed_tone2	hand_with_index_finger_and_thumb_crossed_tone2,hand_with_index_finger_and_thumb_crossed_medium_light_skin_tone
🫰🏽	hand_with_index_finger_and_thumb_crossed_tone3	hand_with_index_finger_and_thumb_crossed_tone3,hand_with_index_finger_and_thumb_crossed_medium_skin_tone
🫰🏾	hand_with_index_finger_and_thumb_crossed_tone4	hand_with_index_finger_and_thumb_crossed_tone4,hand_with_index_finger_and_thumb_crossed_medium_dark_skin_tone
🫰🏿	hand_with_index_finger_and_thumb_crossed_tone5	hand_with_index_finger_and_thumb_crossed_tone5,hand_with_index_finger_and_thumb_crossed_dark_skin_tone
🤟	love_you_gesture	love_you_gesture
🤟🏻	love_you_gesture_tone1	love_you_gesture_tone1,love_you_gesture_light_skin_tone
🤟🏼	love_you_gesture_tone2	love_you_gesture_tone2,love_you_gesture_medium_light_skin_tone
🤟🏽	love_you_gesture_tone3	love_you_gesture_tone3,love_you_gesture_medium_skin_tone
🤟🏾	love_you_gesture_tone4	love_you_gesture_tone4,love_you_gesture_medium_dark_skin_tone
🤟🏿	love_you_gesture_tone5	love_you_gesture_tone5,love_you_gesture_dark_skin_tone
🤘	metal	metal,sign_of_the_horns
🤘🏻	metal_tone1	metal_tone1,sign_of_the_horns_tone1
🤘🏼	metal_tone2	metal_tone2,sign_of_the_horns_tone2
🤘🏽	metal_tone3	metal_tone3,sign_of_the_horns_tone3
🤘🏾	metal_tone4	metal_tone4,sign_of_the_horns_tone4
🤘🏿	metal_tone5	metal_tone5,sign_of_the_horns_tone5
🤙	call_me	call_me,call_me_hand
🤙🏻	call_me_tone1	call_me_tone1,call_me_hand_tone1
🤙🏼	call_me_tone2	call_me_tone2,call_me_hand_tone2
🤙🏽	call_me_tone3	call_me_tone3,call_me_hand_tone3
🤙🏾	call_me_tone4	call_me_tone4,call_me_hand_tone4
🤙🏿	call_me_tone5	call_me_tone5,call_me_hand_tone5
👈	point_left	point_left
👈🏻	point_left_tone1	point_left_tone1
👈🏼	point_left_tone2	point_left_tone2
👈🏽	point_left_tone3	point_left_tone3
👈🏾	point_left_tone4	point_left_tone4
👈🏿	point_left_tone5	point_left_tone5
👉	point_right	point_right
👉🏻	point_right_tone1	point_right_tone1
👉🏼	point_right_tone2	point_right_tone2
👉🏽	point_right_tone3	point_right_tone3
👉🏾	point_right_tone4	point_right_tone4
👉🏿	point_right_tone5	point_right_tone5
👆	point_up_2	point_up_2
👆🏻	point_up_2_tone1	point_up_2_tone1
👆🏼	point_up_2_tone2	point_up_2_tone2
👆🏽	point_up_2_tone3	point_up_2_tone3
👆🏾	point_up_2_tone4	point_up_2_tone4
👆🏿	point_up_2_tone5	point_up_2_tone5
🖕	middle_finger	middle_finger,reversed_hand_with_middle_finger_extended
🖕🏻	middle_finger_tone1	middle_finger_tone1,reversed_hand_with_middle_finger_extended_tone1
🖕🏼	middle_finger_tone2	middle_finger_tone2,reversed_hand_with_middle_finger_extended_tone2
🖕🏽	middle_finger_tone3	middle_finger_tone3,reversed_hand_with_middle_finger_extended_tone3
🖕🏾	middle_finger_tone4	middle_finger_tone4,reversed_hand_with_middle_finger_extended_tone4
🖕🏿	middle_finger_tone5	middle_finger_tone5,reversed_hand_with_middle_finger_extended_tone5
👇	point_down	point_down
👇🏻	point_down_tone1	point_down_tone1
👇🏼	point_down_tone2	point_down_tone2
👇🏽	point_down_tone3	point_down_tone3
👇🏾	point_down_tone4	point_down_tone4
👇🏿	point_down_tone5	point_down_tone5
☝️	point_up	point_up
☝🏻	point_up_tone1	point_up_tone1
☝🏼	point_up_tone2	point_up_tone2
☝🏽	point_up_tone3	point_up_tone3
☝🏾	point_up_tone4	point_up_tone4
☝🏿	point_up_tone5	point_up_tone5
🫵	index_pointing_at_the_viewer	index_pointing_at_the_viewer
🫵🏻	index_pointing_at_the_viewer_tone1	index_pointing_at_the_viewer_tone1,index_pointing_at_the_viewer_light_skin_tone
🫵🏼	index_pointing_at_the_viewer_tone2	index_pointing_at_the_viewer_tone2,index_pointing_at_the_viewer_medium_light_skin_tone
🫵🏽	index_pointing_at_the_viewer_tone3	index_pointing_at_the_viewer_tone3,index_pointing_at_the_viewer_medium_skin_tone
🫵🏾	index_pointing_at_the_viewer_tone4	index_pointing_at_the_viewer_tone4,index_pointing_at_the_viewer_medium_dark_skin_tone
🫵🏿	index_pointing_at_the_viewer_tone5	index_pointing_at_the_viewer_tone5,index_pointing_at_the_viewer_dark_skin_tone
👍	thumbsup	thumbsup,+1,thumbup,thumbs_up
👍🏻	thumbsup_tone1	thumbsup_tone1,+1_tone1,thumbup_tone1
👍🏼	thumbsup_tone2	thumbsup_tone2,+1_tone2,thumbup_tone2
👍🏽	thumbsup_tone3	thumbsup_tone3,+1_tone3,thumbup_tone3
👍🏾	thumbsup_tone4	thumbsup_tone4,+1_tone4,thumbup_tone4
👍🏿	thumbsup_tone5	thumbsup_tone5,+1_tone5,thumbup_tone5
👎	thumbsdown	thumbsdown,-1,thumbdown,thumbs_down
👎🏻	thumbsdown_tone1	thumbsdown_tone1,_1_tone1,thumbdown_tone1
👎🏼	thumbsdown_tone2	thumbsdown_tone2,_1_tone2,thumbdown_tone2
👎🏽	thumbsdown_tone3	thumbsdown_tone3,_1_tone3,thumbdown_tone3
👎🏾	thumbsdown_tone4	thumbsdown_tone4,_1_tone4,thumbdown_tone4
👎🏿	thumbsdown_tone5	thumbsdown_tone5,_1_tone5,thumbdown_tone5
✊	fist	fist,raised_fist
✊🏻	fist_tone1	fist_tone1
✊🏼	fist_tone2	fist_tone2
✊🏽	fist_tone3	fist_tone3
✊🏾	fist_tone4	fist_tone4
✊🏿	fist_tone5	fist_tone5
👊	punch	punch,oncoming_fist
👊🏻	punch_tone1	punch_tone1
👊🏼	punch_tone2	punch_tone2
👊🏽	punch_tone3	punch_tone3
👊🏾	punch_tone4	punch_tone4
👊🏿	punch_tone5	punch_tone5
🤛	left_facing_fist	left_facing_fist,left_fist
🤛🏻	left_facing_fist_tone1	left_facing_fist_tone1,left_fist_tone1
🤛🏼	left_facing_fist_tone2	left_facing_fist_tone2,left_fist_tone2
🤛🏽	left_facing_fist_tone3	left_facing_fist_tone3,left_fist_tone3
🤛🏾	left_facing_fist_tone4	left_facing_fist_tone4,left_fist_tone4
🤛🏿	left_facing_fist_tone5	left_facing_fist_tone5,left_fist_tone5
🤜	right_facing_fist	right_facing_fist,right_fist
🤜🏻	right_facing_fist_tone1	right_facing_fist_tone1,right_fist_tone1
🤜🏼	right_facing_fist_tone2	right_facing_fist_tone2,right_fist_tone2
🤜🏽	right_facing_fist_tone3	right_facing_fist_tone3,right_fist_tone3
🤜🏾	right_facing_fist_tone4	right_facing_fist_tone4,right_fist_tone4
🤜🏿	right_facing_fist_tone5	right_facing_fist_tone5,right_fist_tone5
👏	clap	clap
👏🏻	clap_tone1	clap_tone1
👏🏼	clap_tone2	clap_tone2
👏🏽	clap_tone3	clap_tone3
👏🏾	clap_tone4	clap_tone4
👏🏿	clap_tone5	clap_tone5
🙌	raised_hands	raised_hands,raising_hands
🙌🏻	raised_hands_tone1	raised_hands_tone1
🙌🏼	raised_hands_tone2	raised_hands_tone2
🙌🏽	raised_hands_tone3	raised_hands_tone3
🙌🏾	raised_hands_tone4	raised_hands_tone4
🙌🏿	raised_hands_tone5	raised_hands_tone5
🫶	heart_hands	heart_hands
🫶🏻	heart_hands_tone1	heart_hands_tone1,heart_hands_light_skin_tone
🫶🏼	heart_hands_tone2	heart_hands_tone2,heart_hands_medium_light_skin_tone
🫶🏽	heart_hands_tone3	heart_hands_tone3,heart_hands_medium_skin_tone
🫶🏾	heart_hands_tone4	heart_hands_tone4,heart_hands_medium_dark_skin_tone
🫶🏿	heart_hands_tone5	heart_hands_tone5,heart_hands_dark_skin_tone
👐	open_hands	open_hands
👐🏻	open_hands_tone1	open_hands_tone1
👐🏼	open_hands_tone2	open_hands_tone2
👐🏽	open_hands_tone3	open_hands_tone3
👐🏾	open_hands_tone4	open_hands_tone4
👐🏿	open_hands_tone5	open_hands_tone5
🤲	palms_up_together	palms_up_together
🤲🏻	palms_up_together_tone1	palms_up_together_tone1,palms_up_together_light_skin_tone
🤲🏼	palms_up_together_tone2	palms_up_together_tone2,palms_up_together_medium_light_skin_tone
🤲🏽	palms_up_together_tone3	palms_up_together_tone3,palms_up_together_medium_skin_tone
🤲🏾	palms_up_together_tone4	palms_up_together_tone4,palms_up_together_medium_dark_skin_tone
🤲🏿	palms_up_together_tone5	palms_up_together_tone5,palms_up_together_dark_skin_tone
🤝	handshake	handshake,shaking_hands
🤝🏻	handshake_tone1	handshake_tone1,handshake_light_skin_tone
🤝🏼	handshake_tone2	handshake_tone2,handshake_medium_light_skin_tone
🤝🏽	handshake_tone3	handshake_tone3,handshake_medium_skin_tone
🤝🏾	handshake_tone4	handshake_tone4,handshake_medium_dark_skin_tone
🤝🏿	handshake_tone5	handshake_tone5,handshake_dark_skin_tone
🫱🏻‍🫲🏼	handshake_tone1_tone2	handshake_tone1_tone2,handshake_light_skin_tone_medium_light_skin_tone
🫱🏻‍🫲🏽	handshake_tone1_tone3	handshake_tone1_tone3,handshake_light_skin_tone_medium_skin_tone
🫱🏻‍🫲🏾	handshake_tone1_tone4	handshake_tone1_tone4,handshake_light_skin_tone_medium_dark_skin_tone
🫱🏻‍🫲🏿	handshake_tone1_tone5	handshake_tone1_tone5,handshake_light_skin_tone_dark_skin_tone
🫱🏼‍🫲🏻	handshake_tone2_tone1	handshake_tone2_tone1,handshake_medium_light_skin_tone_light_skin_tone
🫱🏼‍🫲🏽	handshake_tone2_tone3	handshake_tone2_tone3,handshake_medium_light_skin_tone_medium_skin_tone
🫱🏼‍🫲🏾	handshake_tone2_tone4	handshake_tone2_tone4,handshake_medium_light_skin_tone_medium_dark_skin_tone
🫱🏼‍🫲🏿	handshake_tone2_tone5	handshake_tone2_tone5,handshake_medium_light_skin_tone_dark_skin_tone
🫱🏽‍🫲🏻	handshake_tone3_tone1	handshake_tone3_tone1,handshake_medium_skin_tone_light_skin_tone
🫱🏽‍🫲🏼	handshake_tone3_tone2	handshake_tone3_tone2,handshake_medium_skin_tone_medium_light_skin_tone
🫱🏽‍🫲🏾	handshake_tone3_tone4	handshake_tone3_tone4,handshake_medium_skin_tone_medium_dark_skin_tone
🫱🏽‍🫲🏿	handshake_tone3_tone5	handshake_tone3_tone5,handshake_medium_skin_tone_dark_skin_tone
🫱🏾‍🫲🏻	handshake_tone4_tone1	handshake_tone4_tone1,handshake_medium_dark_skin_tone_light_skin_tone
🫱🏾‍🫲🏼	handshake_tone4_tone2	handshake_tone4_tone2,handshake_medium_dark_skin_tone_medium_light_skin_tone
🫱🏾‍🫲🏽	handshake_tone4_tone3	handshake_tone4_tone3,handshake_medium_dark_skin_tone_medium_skin_tone
🫱🏾‍🫲🏿	handshake_tone4_tone5	handshake_tone4_tone5,handshake_medium_dark_skin_tone_dark_skin_tone
🫱🏿‍🫲🏻	handshake_tone5_tone1	handshake_tone5_tone1,handshake_dark_skin_tone_light_skin_tone
🫱🏿‍🫲🏼	handshake_tone5_tone2	handshake_tone5_tone2,handshake_dark_skin_tone_medium_light_skin_tone
🫱🏿‍🫲🏽	handshake_tone5_tone3	handshake_tone5_tone3,handshake_dark_skin_tone_medium_skin_tone
🫱🏿‍🫲🏾	handshake_tone5_tone4	handshake_tone5_tone4,handshake_dark_skin_tone_medium_dark_skin_tone
🙏	pray	pray,folded_hands
🙏🏻	pray_tone1	pray_tone1
🙏🏼	pray_tone2	pray_tone2
🙏🏽	pray_tone3	pray_tone3
🙏🏾	pray_tone4	pray_tone4
🙏🏿	pray_tone5	pray_tone5
✍️	writing_hand	writing_hand
✍🏻	writing_hand_tone1	writing_hand_tone1
✍🏼	writing_hand_tone2	writing_hand_tone2
✍🏽	writing_hand_tone3	writing_hand_tone3
✍🏾	writing_hand_tone4	writing_hand_tone4
✍🏿	writing_hand_tone5	writing_hand_tone5
💅	nail_care	nail_care,nail_polish
💅🏻	nail_care_tone1	nail_care_tone1
💅🏼	nail_care_tone2	nail_care_tone2
💅🏽	nail_care_tone3	nail_care_tone3
💅🏾	nail_care_tone4	nail_care_tone4
💅🏿	nail_care_tone5	nail_care_tone5
🤳	selfie	selfie
🤳🏻	selfie_tone1	selfie_tone1
🤳🏼	selfie_tone2	selfie_tone2
🤳🏽	selfie_tone3	selfie_tone3
🤳🏾	selfie_tone4	selfie_tone4
🤳🏿	selfie_tone5	selfie_tone5
💪	muscle	muscle,flexed_biceps
💪🏻	muscle_tone1	muscle_tone1
💪🏼	muscle_tone2	muscle_tone2
💪🏽	muscle_tone3	muscle_tone3
💪🏾	muscle_tone4	muscle_tone4
💪🏿	muscle_tone5	muscle_tone5
🦾	mechanical_arm	mechanical_arm
🦿	mechanical_leg	mechanical_leg
🦵	leg	leg
🦵🏻	leg_tone1	leg_tone1,leg_light_skin_tone
🦵🏼	leg_tone2	leg_tone2,leg_medium_light_skin_tone
🦵🏽	leg_tone3	leg_tone3,leg_medium_skin_tone
🦵🏾	leg_tone4	leg_tone4,leg_medium_dark_skin_tone
🦵🏿	leg_tone5	leg_tone5,leg_dark_skin_tone
🦶	foot	foot
🦶🏻	foot_tone1	foot_tone1,foot_light_skin_tone
🦶🏼	foot_tone2	foot_tone2,foot_medium_light_skin_tone
🦶🏽	foot_tone3	foot_tone3,foot_medium_skin_tone
🦶🏾	foot_tone4	foot_tone4,foot_medium_dark_skin_tone
🦶🏿	foot_tone5	foot_tone5,foot_dark_skin_tone
👂	ear	ear
👂🏻	ear_tone1	ear_tone1
👂🏼	ear_tone2	ear_tone2
👂🏽	ear_tone3	ear_tone3
👂🏾	ear_tone4	ear_tone4
👂🏿	ear_tone5	ear_tone5
🦻	ear_with_hearing_aid	ear_with_hearing_aid
🦻🏻	ear_with_hearing_aid_tone1	ear_with_hearing_aid_tone1,ear_with_hearing_aid_light_skin_tone
🦻🏼	ear_with_hearing_aid_tone2	ear_with_hearing_aid_tone2,ear_with_hearing_aid_medium_light_skin_tone
🦻🏽	ear_with_hearing_aid_tone3	ear_with_hearing_aid_tone3,ear_with_hearing_aid_medium_skin_tone
🦻🏾	ear_with_hearing_aid_tone4	ear_with_hearing_aid_tone4,ear_with_hearing_aid_medium_dark_skin_tone
🦻🏿	ear_with_hearing_aid_tone5	ear_with_hearing_aid_tone5,ear_with_hearing_aid_dark_skin_tone
👃	nose	nose
👃🏻	nose_tone1	nose_tone1
👃🏼	nose_tone2	nose_tone2
👃🏽	nose_tone3	nose_tone3
👃🏾	nose_tone4	nose_tone4
👃🏿	nose_tone5	nose_tone5
🧠	brain	brain
🫀	anatomical_heart	anatomical_heart
🫁	lungs	lungs
🦷	tooth	tooth
🦴	bone	bone
👀	eyes	eyes
👁️	eye	eye
👅	tongue	tongue
👄	lips	lips,mouth
🫦	biting_lip	biting_lip
👶	baby	baby
👶🏻	baby_tone1	baby_tone1
👶🏼	baby_tone2	baby_tone2
👶🏽	baby_tone3	baby_tone3
👶🏾	baby_tone4	baby_tone4
👶🏿	baby_tone5	baby_tone5
🧒	child	child
🧒🏻	child_tone1	child_tone1,child_light_skin_tone
🧒🏼	child_tone2	child_tone2,child_medium_light_skin_tone
🧒🏽	child_tone3	child_tone3,child_medium_skin_tone
🧒🏾	child_tone4	child_tone4,child_medium_dark_skin_tone
🧒🏿	child_tone5	child_tone5,child_dark_skin_tone
👦	boy	boy
👦🏻	boy_tone1	boy_tone1
👦🏼	boy_tone2	boy_tone2
👦🏽	boy_tone3	boy_tone3
👦🏾	boy_tone4	boy_tone4
👦🏿	boy_tone5	boy_tone5
👧	girl	girl
👧🏻	girl_tone1	girl_tone1
👧🏼	girl_tone2	girl_tone2
👧🏽	girl_tone3	girl_tone3
👧🏾	girl_tone4	girl_tone4
👧🏿	girl_tone5	girl_tone5
🧑	adult	adult,person
🧑🏻	adult_tone1	adult_tone1,adult_light_skin_tone
🧑🏼	adult_tone2	adult_tone2,adult_medium_light_skin_tone
🧑🏽	adult_tone3	adult_tone3,adult_medium_skin_tone
🧑🏾	adult_tone4	adult_tone4,adult_medium_dark_skin_tone
🧑🏿	adult_tone5	adult_tone5,adult_dark_skin_tone
👱	blond_haired_person	blond_haired_person,person_with_blond_hair
👱🏻	blond_haired_person_tone1	blond_haired_person_tone1,person_with_blond_hair_tone1
👱🏼	blond_haired_person_tone2	blond_haired_person_tone2,person_with_blond_hair_tone2
👱🏽	blond_haired_person_tone3	blond_haired_person_tone3,person_with_blond_hair_tone3
👱🏾	blond_haired_person_tone4	blond_haired_person_tone4,person_with_blond_hair_tone4
👱🏿	blond_haired_person_tone5	blond_haired_person_tone5,person_with_blond_hair_tone5
👨	man	man
👨🏻	man_tone1	man_tone1
👨🏼	man_tone2	man_tone2
👨🏽	man_tone3	man_tone3
👨🏾	man_tone4	man_tone4
👨🏿	man_tone5	man_tone5
🧔	bearded_person	bearded_person,person_beard
🧔🏻	bearded_person_tone1	bearded_person_tone1,bearded_person_light_skin_tone
🧔🏼	bearded_person_tone2	bearded_person_tone2,bearded_person_medium_light_skin_tone
🧔🏽	bearded_person_tone3	bearded_person_tone3,bearded_person_medium_skin_tone
🧔🏾	bearded_person_tone4	bearded_person_tone4,bearded_person_medium_dark_skin_tone
🧔🏿	bearded_person_tone5	bearded_person_tone5,bearded_person_dark_skin_tone
🧔‍♂️	man_beard	man_beard
🧔🏻‍♂️	man_tone1_beard	man_tone1_beard,man_light_skin_tone_beard
🧔🏼‍♂️	man_tone2_beard	man_tone2_beard,man_medium_light_skin_tone_beard
🧔🏽‍♂️	man_tone3_beard	man_tone3_beard,man_medium_skin_tone_beard
🧔🏾‍♂️	man_tone4_beard	man_tone4_beard,man_medium_dark_skin_tone_beard
🧔🏿‍♂️	man_tone5_beard	man_tone5_beard,man_dark_skin_tone_beard
🧔‍♀️	woman_beard	woman_beard
🧔🏻‍♀️	woman_tone1_beard	woman_tone1_beard,woman_light_skin_tone_beard
🧔🏼‍♀️	woman_tone2_beard	woman_tone2_beard,woman_medium_light_skin_tone_beard
🧔🏽‍♀️	woman_tone3_beard	woman_tone3_beard,woman_medium_skin_tone_beard
🧔🏾‍♀️	woman_tone4_beard	woman_tone4_beard,woman_medium_dark_skin_tone_beard
🧔🏿‍♀️	woman_tone5_beard	woman_tone5_beard,woman_dark_skin_tone_beard
👨‍🦰	man_red_haired	man_red_haired,man_red_hair
👨🏻‍🦰	man_red_haired_tone1	man_red_haired_tone1,man_red_haired_light_skin_tone
👨🏼‍🦰	man_red_haired_tone2	man_red_haired_tone2,man_red_haired_medium_light_skin_tone
👨🏽‍🦰	man_red_haired_tone3	man_red_haired_tone3,man_red_haired_medium_skin_tone
👨🏾‍🦰	man_red_haired_tone4	man_red_haired_tone4,man_red_haired_medium_dark_skin_tone
👨🏿‍🦰	man_red_haired_tone5	man_red_haired_tone5,man_red_haired_dark_skin_tone
👨‍🦱	man_curly_haired	man_curly_haired
👨🏻‍🦱	man_curly_haired_tone1	man_curly_haired_tone1,man_curly_haired_light_skin_tone
👨🏼‍🦱	man_curly_haired_tone2	man_curly_haired_tone2,man_curly_haired_medium_light_skin_tone
👨🏽‍🦱	man_curly_haired_tone3	man_curly_haired_tone3,man_curly_haired_medium_skin_tone
👨🏾‍🦱	man_curly_haired_tone4	man_curly_haired_tone4,man_curly_haired_medium_dark_skin_tone
👨🏿‍🦱	man_curly_haired_tone5	man_curly_haired_tone5,man_curly_haired_dark_skin_tone
👨‍🦳	man_white_haired	man_white_haired
👨🏻‍🦳	man_white_haired_tone1	man_white_haired_tone1,man_white_haired_light_skin_tone
👨🏼‍🦳	man_white_haired_tone2	man_white_haired_tone2,man_white_haired_medium_light_skin_tone
👨🏽‍🦳	man_white_haired_tone3	man_white_haired_tone3,man_white_haired_medium_skin_tone
👨🏾‍🦳	man_white_haired_tone4	man_white_haired_tone4,man_white_haired_medium_dark_skin_tone
👨🏿‍🦳	man_white_haired_tone5	man_white_haired_tone5,man_white_haired_dark_skin_tone
👨‍🦲	man_bald	man_bald
👨🏻‍🦲	man_bald_tone1	man_bald_tone1,man_bald_light_skin_tone
👨🏼‍🦲	man_bald_tone2	man_bald_tone2,man_bald_medium_light_skin_tone
👨🏽‍🦲	man_bald_tone3	man_bald_tone3,man_bald_medium_skin_tone
👨🏾‍🦲	man_bald_tone4	man_bald_tone4,man_bald_medium_dark_skin_tone
👨🏿‍🦲	man_bald_tone5	man_bald_tone5,man_bald_dark_skin_tone
👩	woman	woman
👩🏻	woman_tone1	woman_tone1
👩🏼	woman_tone2	woman_tone2
👩🏽	woman_tone3	woman_tone3
👩🏾	woman_tone4	woman_tone4
👩🏿	woman_tone5	woman_tone5
👩‍🦰	woman_red_haired	woman_red_haired
👩🏻‍🦰	woman_red_haired_tone1	woman_red_haired_tone1,woman_red_haired_light_skin_tone
👩🏼‍🦰	woman_red_haired_tone2	woman_red_haired_tone2,woman_red_haired_medium_light_skin_tone
👩🏽‍🦰	woman_red_haired_tone3	woman_red_haired_tone3,woman_red_haired_medium_skin_tone
👩🏾‍🦰	woman_red_haired_tone4	woman_red_haired_tone4,woman_red_haired_medium_dark_skin_tone
👩🏿‍🦰	woman_red_haired_tone5	woman_red_haired_tone5,woman_red_haired_dark_skin_tone
🧑‍🦰	person_red_hair	person_red_hair
🧑🏻‍🦰	person_tone1_red_hair	person_tone1_red_hair,person_light_skin_tone_red_hair
🧑🏼‍🦰	person_tone2_red_hair	person_tone2_red_hair,person_medium_light_skin_tone_red_hair
🧑🏽‍🦰	person_tone3_red_hair	person_tone3_red_hair,person_medium_skin_tone_red_hair
🧑🏾‍🦰	person_tone4_red_hair	person_tone4_red_hair,person_medium_dark_skin_tone_red_hair
🧑🏿‍🦰	person_tone5_red_hair	person_tone5_red_hair,person_dark_skin_tone_red_hair
👩‍🦱	woman_curly_haired	woman_curly_haired
👩🏻‍🦱	woman_curly_haired_tone1	woman_curly_haired_tone1,woman_curly_haired_light_skin_tone
👩🏼‍🦱	woman_curly_haired_tone2	woman_curly_haired_tone2,woman_curly_haired_medium_light_skin_tone
👩🏽‍🦱	woman_curly_haired_tone3	woman_curly_haired_tone3,woman_curly_haired_medium_skin_tone
👩🏾‍🦱	woman_curly_haired_tone4	woman_curly_haired_tone4,woman_curly_haired_medium_dark_skin_tone
👩🏿‍🦱	woman_curly_haired_tone5	woman_curly_haired_tone5,woman_curly_haired_dark_skin_tone
🧑‍🦱	person_curly_hair	person_curly_hair
🧑🏻‍🦱	person_tone1_curly_hair	person_tone1_curly_hair,person_light_skin_tone_curly_hair
🧑🏼‍🦱	person_tone2_curly_hair	person_tone2_curly_hair,person_medium_light_skin_tone_curly_hair
🧑🏽‍🦱	person_tone3_curly_hair	person_tone3_curly_hair,person_medium_skin_tone_curly_hair
🧑🏾‍🦱	person_tone4_curly_hair	person_tone4_curly_hair,person_medium_dark_skin_tone_curly_hair
🧑🏿‍🦱	person_tone5_curly_hair	person_tone5_curly_hair,person_dark_skin_tone_curly_hair
👩‍🦳	woman_white_haired	woman_white_haired
👩🏻‍🦳	woman_white_haired_tone1	woman_white_haired_tone1,woman_white_haired_light_skin_tone
👩🏼‍🦳	woman_white_haired_tone2	woman_white_haired_tone2,woman_white_haired_medium_light_skin_tone
👩🏽‍🦳	woman_white_haired_tone3	woman_white_haired_tone3,woman_white_haired_medium_skin_tone
👩🏾‍🦳	woman_white_haired_tone4	woman_white_haired_tone4,woman_white_haired_medium_dark_skin_tone
👩🏿‍🦳	woman_white_haired_tone5	woman_white_haired_tone5,woman_white_haired_dark_skin_tone
🧑‍🦳	person_white_hair	person_white_hair
🧑🏻‍🦳	person_tone1_white_hair	person_tone1_white_hair,person_light_skin_tone_white_hair
🧑🏼‍🦳	person_tone2_white_hair	person_tone2_white_hair,person_medium_light_skin_tone_white_hair
🧑🏽‍🦳	person_tone3_white_hair	person_tone3_white_hair,person_medium_skin_tone_white_hair
🧑🏾‍🦳	person_tone4_white_hair	person_tone4_white_hair,person_medium_dark_skin_tone_white_hair
🧑🏿‍🦳	person_tone5_white_hair	person_tone5_white_hair,person_dark_skin_tone_white_hair
👩‍🦲	woman_bald	woman_bald
👩🏻‍🦲	woman_bald_tone1	woman_bald_tone1,woman_bald_light_skin_tone
👩🏼‍🦲	woman_bald_tone2	woman_bald_tone2,woman_bald_medium_light_skin_tone
👩🏽‍🦲	woman_bald_tone3	woman_bald_tone3,woman_bald_medium_skin_tone
👩🏾‍🦲	woman_bald_tone4	woman_bald_tone4,woman_bald_medium_dark_skin_tone
👩🏿‍🦲	woman_bald_tone5	woman_bald_tone5,woman_bald_dark_skin_tone
🧑‍🦲	person_bald	person_bald
🧑🏻‍🦲	person_tone1_bald	person_tone1_bald,person_light_skin_tone_bald
🧑🏼‍🦲	person_tone2_bald	person_tone2_bald,person_medium_light_skin_tone_bald
🧑🏽‍🦲	person_tone3_bald	person_tone3_bald,person_medium_skin_tone_bald
🧑🏾‍🦲	person_tone4_bald	person_tone4_bald,person_medium_dark_skin_tone_bald
🧑🏿‍🦲	person_tone5_bald	person_tone5_bald,person_dark_skin_tone_bald
👱‍♀️	blond_haired_woman	blond_haired_woman
👱🏻‍♀️	blond_haired_woman_tone1	blond_haired_woman_tone1,blond_haired_woman_light_skin_tone
👱🏼‍♀️	blond_haired_woman_tone2	blond_haired_woman_tone2,blond_haired_woman_medium_light_skin_tone
👱🏽‍♀️	blond_haired_woman_tone3	blond_haired_woman_tone3,blond_haired_woman_medium_skin_tone
👱🏾‍♀️	blond_haired_woman_tone4	blond_haired_woman_tone4,blond_haired_woman_medium_dark_skin_tone
👱🏿‍♀️	blond_haired_woman_tone5	blond_haired_woman_tone5,blond_haired_woman_dark_skin_tone
👱‍♂️	blond_haired_man	blond_haired_man
👱🏻‍♂️	blond_haired_man_tone1	blond_haired_man_tone1,blond_haired_man_light_skin_tone
👱🏼‍♂️	blond_haired_man_tone2	blond_haired_man_tone2,blond_haired_man_medium_light_skin_tone
👱🏽‍♂️	blond_haired_man_tone3	blond_haired_man_tone3,blond_haired_man_medium_skin_tone
👱🏾‍♂️	blond_haired_man_tone4	blond_haired_man_tone4,blond_haired_man_medium_dark_skin_tone
👱🏿‍♂️	blond_haired_man_tone5	blond_haired_man_tone5,blond_haired_man_dark_skin_tone
🧓	older_adult	older_adult,older_person
🧓🏻	older_adult_tone1	older_adult_tone1,older_adult_light_skin_tone
🧓🏼	older_adult_tone2	older_adult_tone2,older_adult_medium_light_skin_tone
🧓🏽	older_adult_tone3	older_adult_tone3,older_adult_medium_skin_tone
🧓🏾	older_adult_tone4	older_adult_tone4,older_adult_medium_dark_skin_tone
🧓🏿	older_adult_tone5	older_adult_tone5,older_adult_dark_skin_tone
👴	older_man	older_man,old_man
👴🏻	older_man_tone1	older_man_tone1
👴🏼	older_man_tone2	older_man_tone2
👴🏽	older_man_tone3	older_man_tone3
👴🏾	older_man_tone4	older_man_tone4
👴🏿	older_man_tone5	older_man_tone5
👵	older_woman	older_woman,grandma,old_woman
👵🏻	older_woman_tone1	older_woman_tone1,grandma_tone1
👵🏼	older_woman_tone2	older_woman_tone2,grandma_tone2
👵🏽	older_woman_tone3	older_woman_tone3,grandma_tone3
👵🏾	older_woman_tone4	older_woman_tone4,grandma_tone4
👵🏿	older_woman_tone5	older_woman_tone5,grandma_tone5
🙍	person_frowning	person_frowning
🙍🏻	person_frowning_tone1	person_frowning_tone1
🙍🏼	person_frowning_tone2	person_frowning_tone2
🙍🏽	person_frowning_tone3	person_frowning_tone3
🙍🏾	person_frowning_tone4	person_frowning_tone4
🙍🏿	person_frowning_tone5	person_frowning_tone5
🙍‍♂️	man_frowning	man_frowning
🙍🏻‍♂️	man_frowning_tone1	man_frowning_tone1,man_frowning_light_skin_tone
🙍🏼‍♂️	man_frowning_tone2	man_frowning_tone2,man_frowning_medium_light_skin_tone
🙍🏽‍♂️	man_frowning_tone3	man_frowning_tone3,man_frowning_medium_skin_tone
🙍🏾‍♂️	man_frowning_tone4	man_frowning_tone4,man_frowning_medium_dark_skin_tone
🙍🏿‍♂️	man_frowning_tone5	man_frowning_tone5,man_frowning_dark_skin_tone
🙍‍♀️	woman_frowning	woman_frowning
🙍🏻‍♀️	woman_frowning_tone1	woman_frowning_tone1,woman_frowning_light_skin_tone
🙍🏼‍♀️	woman_frowning_tone2	woman_frowning_tone2,woman_frowning_medium_light_skin_tone
🙍🏽‍♀️	woman_frowning_tone3	woman_frowning_tone3,woman_frowning_medium_skin_tone
🙍🏾‍♀️	woman_frowning_tone4	woman_frowning_tone4,woman_frowning_medium_dark_skin_tone
🙍🏿‍♀️	woman_frowning_tone5	woman_frowning_tone5,woman_frowning_dark_skin_tone
🙎	person_pouting	person_pouting,person_with_pouting_face
🙎🏻	person_pouting_tone1	person_pouting_tone1,person_with_pouting_face_tone1
🙎🏼	person_pouting_tone2	person_pouting_tone2,person_with_pouting_face_tone2
🙎🏽	person_pouting_tone3	person_pouting_tone3,person_with_pouting_face_tone3
🙎🏾	person_pouting_tone4	person_pouting_tone4,person_with_pouting_face_tone4
🙎🏿	person_pouting_tone5	person_pouting_tone5,person_with_pouting_face_tone5
🙎‍♂️	man_pouting	man_pouting
🙎🏻‍♂️	man_pouting_tone1	man_pouting_tone1,man_pouting_light_skin_tone
🙎🏼‍♂️	man_pouting_tone2	man_pouting_tone2,man_pouting_medium_light_skin_tone
🙎🏽‍♂️	man_pouting_tone3	man_pouting_tone3,man_pouting_medium_skin_tone
🙎🏾‍♂️	man_pouting_tone4	man_pouting_tone4,man_pouting_medium_dark_skin_tone
🙎🏿‍♂️	man_pouting_tone5	man_pouting_tone5,man_pouting_dark_skin_tone
🙎‍♀️	woman_pouting	woman_pouting
🙎🏻‍♀️	woman_pouting_tone1	woman_pouting_tone1,woman_pouting_light_skin_tone
🙎🏼‍♀️	woman_pouting_tone2	woman_pouting_tone2,woman_pouting_medium_light_skin_tone
🙎🏽‍♀️	woman_pouting_tone3	woman_pouting_tone3,woman_pouting_medium_skin_tone
🙎🏾‍♀️	woman_pouting_tone4	woman_pouting_tone4,woman_pouting_medium_dark_skin_tone
🙎🏿‍♀️	woman_pouting_tone5	woman_pouting_tone5,woman_pouting_dark_skin_tone
🙅	person_gesturing_no	person_gesturing_no,no_good
🙅🏻	person_gesturing_no_tone1	person_gesturing_no_tone1,no_good_tone1
🙅🏼	person_gesturing_no_tone2	person_gesturing_no_tone2,no_good_tone2
🙅🏽	person_gesturing_no_tone3	person_gesturing_no_tone3,no_good_tone3
🙅🏾	person_gesturing_no_tone4	person_gesturing_no_tone4,no_good_tone4
🙅🏿	person_gesturing_no_tone5	person_gesturing_no_tone5,no_good_tone5
🙅‍♂️	man_gesturing_no	man_gesturing_no
🙅🏻‍♂️	man_gesturing_no_tone1	man_gesturing_no_tone1,man_gesturing_no_light_skin_tone
🙅🏼‍♂️	man_gesturing_no_tone2	man_gesturing_no_tone2,man_gesturing_no_medium_light_skin_tone
🙅🏽‍♂️	man_gesturing_no_tone3	man_gesturing_no_tone3,man_gesturing_no_medium_skin_tone
🙅🏾‍♂️	man_gesturing_no_tone4	man_gesturing_no_tone4,man_gesturing_no_medium_dark_skin_tone
🙅🏿‍♂️	man_gesturing_no_tone5	man_gesturing_no_tone5,man_gesturing_no_dark_skin_tone
🙅‍♀️	woman_gesturing_no	woman_gesturing_no
🙅🏻‍♀️	woman_gesturing_no_tone1	woman_gesturing_no_tone1,woman_gesturing_no_light_skin_tone
🙅🏼‍♀️	woman_gesturing_no_tone2	woman_gesturing_no_tone2,woman_gesturing_no_medium_light_skin_tone
🙅🏽‍♀️	woman_gesturing_no_tone3	woman_gesturing_no_tone3,woman_gesturing_no_medium_skin_tone
🙅🏾‍♀️	woman_gesturing_no_tone4	woman_gesturing_no_tone4,woman_gesturing_no_medium_dark_skin_tone
🙅🏿‍♀️	woman_gesturing_no_tone5	woman_gesturing_no_tone5,woman_gesturing_no_dark_skin_tone
🙆	person_gesturing_ok	person_gesturing_ok
🙆🏻	person_gesturing_ok_tone1	person_gesturing_ok_tone1
🙆🏼	person_gesturing_ok_tone2	person_gesturing_ok_tone2
🙆🏽	person_gesturing_ok_tone3	person_gesturing_ok_tone3
🙆🏾	person_gesturing_ok_tone4	person_gesturing_ok_tone4
🙆🏿	person_gesturing_ok_tone5	person_gesturing_ok_tone5
🙆‍♂️	man_gesturing_ok	man_gesturing_ok
🙆🏻‍♂️	man_gesturing_ok_tone1	man_gesturing_ok_tone1,man_gesturing_ok_light_skin_tone
🙆🏼‍♂️	man_gesturing_ok_tone2	man_gesturing_ok_tone2,man_gesturing_ok_medium_light_skin_tone
🙆🏽‍♂️	man_gesturing_ok_tone3	man_gesturing_ok_tone3,man_gesturing_ok_medium_skin_tone
🙆🏾‍♂️	man_gesturing_ok_tone4	man_gesturing_ok_tone4,man_gesturing_ok_medium_dark_skin_tone
🙆🏿‍♂️	man_gesturing_ok_tone5	man_gesturing_ok_tone5,man_gesturing_ok_dark_skin_tone
🙆‍♀️	woman_gesturing_ok	woman_gesturing_ok
🙆🏻‍♀️	woman_gesturing_ok_tone1	woman_gesturing_ok_tone1,woman_gesturing_ok_light_skin_tone
🙆🏼‍♀️	woman_gesturing_ok_tone2	woman_gesturing_ok_tone2,woman_gesturing_ok_medium_light_skin_tone
🙆🏽‍♀️	woman_gesturing_ok_tone3	woman_gesturing_ok_tone3,woman_gesturing_ok_medium_skin_tone
🙆🏾‍♀️	woman_gesturing_ok_tone4	woman_gesturing_ok_tone4,woman_gesturing_ok_medium_dark_skin_tone
🙆🏿‍♀️	woman_gesturing_ok_tone5	woman_gesturing_ok_tone5,woman_gesturing_ok_dark_skin_tone
💁	person_tipping_hand	person_tipping_hand,information_desk_person
💁🏻	person_tipping_hand_tone1	person_tipping_hand_tone1,information_desk_person_tone1
💁🏼	person_tipping_hand_tone2	person_tipping_hand_tone2,information_desk_person_tone2
💁🏽	person_tipping_hand_tone3	person_tipping_hand_tone3,information_desk_person_tone3
💁🏾	person_tipping_hand_tone4	person_tipping_hand_tone4,information_desk_person_tone4
💁🏿	person_tipping_hand_tone5	person_tipping_hand_tone5,information_desk_person_tone5
💁‍♂️	man_tipping_hand	man_tipping_hand
💁🏻‍♂️	man_tipping_hand_tone1	man_tipping_hand_tone1,man_tipping_hand_light_skin_tone
💁🏼‍♂️	man_tipping_hand_tone2	man_tipping_hand_tone2,man_tipping_hand_medium_light_skin_tone
💁🏽‍♂️	man_tipping_hand_tone3	man_tipping_hand_tone3,man_tipping_hand_medium_skin_tone
💁🏾‍♂️	man_tipping_hand_tone4	man_tipping_hand_tone4,man_tipping_hand_medium_dark_skin_tone
💁🏿‍♂️	man_tipping_hand_tone5	man_tipping_hand_tone5,man_tipping_hand_dark_skin_tone
💁‍♀️	woman_tipping_hand	woman_tipping_hand
💁🏻‍♀️	woman_tipping_hand_tone1	woman_tipping_hand_tone1,woman_tipping_hand_light_skin_tone
💁🏼‍♀️	woman_tipping_hand_tone2	woman_tipping_hand_tone2,woman_tipping_hand_medium_light_skin_tone
💁🏽‍♀️	woman_tipping_hand_tone3	woman_tipping_hand_tone3,woman_tipping_hand_medium_skin_tone
💁🏾‍♀️	woman_tipping_hand_tone4	woman_tipping_hand_tone4,woman_tipping_hand_medium_dark_skin_tone
💁🏿‍♀️	woman_tipping_hand_tone5	woman_tipping_hand_tone5,woman_tipping_hand_dark_skin_tone
🙋	person_raising_hand	person_raising_hand,raising_hand
🙋🏻	person_raising_hand_tone1	person_raising_hand_tone1,raising_hand_tone1
🙋🏼	person_raising_hand_tone2	person_raising_hand_tone2,raising_hand_tone2
🙋🏽	person_raising_hand_tone3	person_raising_hand_tone3,raising_hand_tone3
🙋🏾	person_raising_hand_tone4	person_raising_hand_tone4,raising_hand_tone4
🙋🏿	person_raising_hand_tone5	person_raising_hand_tone5,raising_hand_tone5
🙋‍♂️	man_raising_hand	man_raising_hand
🙋🏻‍♂️	man_raising_hand_tone1	man_raising_hand_tone1,man_raising_hand_light_skin_tone
🙋🏼‍♂️	man_raising_hand_tone2	man_raising_hand_tone2,man_raising_hand_medium_light_skin_tone
🙋🏽‍♂️	man_raising_hand_tone3	man_raising_hand_tone3,man_raising_hand_medium_skin_tone
🙋🏾‍♂️	man_raising_hand_tone4	man_raising_hand_tone4,man_raising_hand_medium_dark_skin_tone
🙋🏿‍♂️	man_raising_hand_tone5	man_raising_hand_tone5,man_raising_hand_dark_skin_tone
🙋‍♀️	woman_raising_hand	woman_raising_hand
🙋🏻‍♀️	woman_raising_hand_tone1	woman_raising_hand_tone1,woman_raising_hand_light_skin_tone
🙋🏼‍♀️	woman_raising_hand_tone2	woman_raising_hand_tone2,woman_raising_hand_medium_light_skin_tone
🙋🏽‍♀️	woman_raising_hand_tone3	woman_raising_hand_tone3,woman_raising_hand_medium_skin_tone
🙋🏾‍♀️	woman_raising_hand_tone4	woman_raising_hand_tone4,woman_raising_hand_medium_dark_skin_tone
🙋🏿‍♀️	woman_raising_hand_tone5	woman_raising_hand_tone5,woman_raising_hand_dark_skin_tone
🧏	deaf_person	deaf_person
🧏🏻	deaf_person_tone1	deaf_person_tone1,deaf_person_light_skin_tone
🧏🏼	deaf_person_tone2	deaf_person_tone2,deaf_person_medium_light_skin_tone
🧏🏽	deaf_person_tone3	deaf_person_tone3,deaf_person_medium_skin_tone
🧏🏾	deaf_person_tone4	deaf_person_tone4,deaf_person_medium_dark_skin_tone
🧏🏿	deaf_person_tone5	deaf_person_tone5,deaf_person_dark_skin_tone
🧏‍♂️	deaf_man	deaf_man
🧏🏻‍♂️	deaf_man_tone1	deaf_man_tone1,deaf_man_light_skin_tone
🧏🏼‍♂️	deaf_man_tone2	deaf_man_tone2,deaf_man_medium_light_skin_tone
🧏🏽‍♂️	deaf_man_tone3	deaf_man_tone3,deaf_man_medium_skin_tone
🧏🏾‍♂️	deaf_man_tone4	deaf_man_tone4,deaf_man_medium_dark_skin_tone
🧏🏿‍♂️	deaf_man_tone5	deaf_man_tone5,deaf_man_dark_skin_tone
🧏‍♀️	deaf_woman	deaf_woman
🧏🏻‍♀️	deaf_woman_tone1	deaf_woman_tone1,deaf_woman_light_skin_tone
🧏🏼‍♀️	deaf_woman_tone2	deaf_woman_tone2,deaf_woman_medium_light_skin_tone
🧏🏽‍♀️	deaf_woman_tone3	deaf_woman_tone3,deaf_woman_medium_skin_tone
🧏🏾‍♀️	deaf_woman_tone4	deaf_woman_tone4,deaf_woman_medium_dark_skin_tone
🧏🏿‍♀️	deaf_woman_tone5	deaf_woman_tone5,deaf_woman_dark_skin_tone
🙇	person_bowing	person_bowing,bow
🙇🏻	person_bowing_tone1	person_bowing_tone1,bow_tone1
🙇🏼	person_bowing_tone2	person_bowing_tone2,bow_tone2
🙇🏽	person_bowing_tone3	person_bowing_tone3,bow_tone3
🙇🏾	person_bowing_tone4	person_bowing_tone4,bow_tone4
🙇🏿	person_bowing_tone5	person_bowing_tone5,bow_tone5
🙇‍♂️	man_bowing	man_bowing
🙇🏻‍♂️	man_bowing_tone1	man_bowing_tone1,man_bowing_light_skin_tone
🙇🏼‍♂️	man_bowing_tone2	man_bowing_tone2,man_bowing_medium_light_skin_tone
🙇🏽‍♂️	man_bowing_tone3	man_bowing_tone3,man_bowing_medium_skin_tone
🙇🏾‍♂️	man_bowing_tone4	man_bowing_tone4,man_bowing_medium_dark_skin_tone
🙇🏿‍♂️	man_bowing_tone5	man_bowing_tone5,man_bowing_dark_skin_tone
🙇‍♀️	woman_bowing	woman_bowing
🙇🏻‍♀️	woman_bowing_tone1	woman_bowing_tone1,woman_bowing_light_skin_tone
🙇🏼‍♀️	woman_bowing_tone2	woman_bowing_tone2,woman_bowing_medium_light_skin_tone
🙇🏽‍♀️	woman_bowing_tone3	woman_bowing_tone3,woman_bowing_medium_skin_tone
🙇🏾‍♀️	woman_bowing_tone4	woman_bowing_tone4,woman_bowing_medium_dark_skin_tone
🙇🏿‍♀️	woman_bowing_tone5	woman_bowing_tone5,woman_bowing_dark_skin_tone
🤦	person_facepalming	person_facepalming,face_palm,facepalm
🤦🏻	person_facepalming_tone1	person_facepalming_tone1,face_palm_tone1,facepalm_tone1
🤦🏼	person_facepalming_tone2	person_facepalming_tone2,face_palm_tone2,facepalm_tone2
🤦🏽	person_facepalming_tone3	person_facepalming_tone3,face_palm_tone3,facepalm_tone3
🤦🏾	person_facepalming_tone4	person_facepalming_tone4,face_palm_tone4,facepalm_tone4
🤦🏿	person_facepalming_tone5	person_facepalming_tone5,face_palm_tone5,facepalm_tone5
🤦‍♂️	man_facepalming	man_facepalming
🤦🏻‍♂️	man_facepalming_tone1	man_facepalming_tone1,man_facepalming_light_skin_tone
🤦🏼‍♂️	man_facepalming_tone2	man_facepalming_tone2,man_facepalming_medium_light_skin_tone
🤦🏽‍♂️	man_facepalming_tone3	man_facepalming_tone3,man_facepalming_medium_skin_tone
🤦🏾‍♂️	man_facepalming_tone4	man_facepalming_tone4,man_facepalming_medium_dark_skin_tone
🤦🏿‍♂️	man_facepalming_tone5	man_facepalming_tone5,man_facepalming_dark_skin_tone
🤦‍♀️	woman_facepalming	woman_facepalming
🤦🏻‍♀️	woman_facepalming_tone1	woman_facepalming_tone1,woman_facepalming_light_skin_tone
🤦🏼‍♀️	woman_facepalming_tone2	woman_facepalming_tone2,woman_facepalming_medium_light_skin_tone
🤦🏽‍♀️	woman_facepalming_tone3	woman_facepalming_tone3,woman_facepalming_medium_skin_tone
🤦🏾‍♀️	woman_facepalming_tone4	woman_facepalming_tone4,woman_facepalming_medium_dark_skin_tone
🤦🏿‍♀️	woman_facepalming_tone5	woman_facepalming_tone5,woman_facepalming_dark_skin_tone
🤷	person_shrugging	person_shrugging,shrug
🤷🏻	person_shrugging_tone1	person_shrugging_tone1,shrug_tone1
🤷🏼	person_shrugging_tone2	person_shrugging_tone2,shrug_tone2
🤷🏽	person_shrugging_tone3	person_shrugging_tone3,shrug_tone3
🤷🏾	person_shrugging_tone4	person_shrugging_tone4,shrug_tone4
🤷🏿	person_shrugging_tone5	person_shrugging_tone5,shrug_tone5
🤷‍♂️	man_shrugging	man_shrugging
🤷🏻‍♂️	man_shrugging_tone1	man_shrugging_tone1,man_shrugging_light_skin_tone
🤷🏼‍♂️	man_shrugging_tone2	man_shrugging_tone2,man_shrugging_medium_light_skin_tone
🤷🏽‍♂️	man_shrugging_tone3	man_shrugging_tone3,man_shrugging_medium_skin_tone
🤷🏾‍♂️	man_shrugging_tone4	man_shrugging_tone4,man_shrugging_medium_dark_skin_tone
🤷🏿‍♂️	man_shrugging_tone5	man_shrugging_tone5,man_shrugging_dark_skin_tone
🤷‍♀️	woman_shrugging	woman_shrugging
🤷🏻‍♀️	woman_shrugging_tone1	woman_shrugging_tone1,woman_shrugging_light_skin_tone
🤷🏼‍♀️	woman_shrugging_tone2	woman_shrugging_tone2,woman_shrugging_medium_light_skin_tone
🤷🏽‍♀️	woman_shrugging_tone3	woman_shrugging_tone3,woman_shrugging_medium_skin_tone
🤷🏾‍♀️	woman_shrugging_tone4	woman_shrugging_tone4,woman_shrugging_medium_dark_skin_tone
🤷🏿‍♀️	woman_shrugging_tone5	woman_shrugging_tone5,woman_shrugging_dark_skin_tone
🧑‍⚕️	health_worker	health_worker
🧑🏻‍⚕️	health_worker_tone1	health_worker_tone1,health_worker_light_skin_tone
🧑🏼‍⚕️	health_worker_tone2	health_worker_tone2,health_worker_medium_light_skin_tone
🧑🏽‍⚕️	health_worker_tone3	health_worker_tone3,health_worker_medium_skin_tone
🧑🏾‍⚕️	health_worker_tone4	health_worker_tone4,health_worker_medium_dark_skin_tone
🧑🏿‍⚕️	health_worker_tone5	health_worker_tone5,health_worker_dark_skin_tone
👨‍⚕️	man_health_worker	man_health_worker
👨🏻‍⚕️	man_health_worker_tone1	man_health_worker_tone1,man_health_worker_light_skin_tone
👨🏼‍⚕️	man_health_worker_tone2	man_health_worker_tone2,man_health_worker_medium_light_skin_tone
👨🏽‍⚕️	man_health_worker_tone3	man_health_worker_tone3,man_health_worker_medium_skin_tone
👨🏾‍⚕️	man_health_worker_tone4	man_health_worker_tone4,man_health_worker_medium_dark_skin_tone
👨🏿‍⚕️	man_health_worker_tone5	man_health_worker_tone5,man_health_worker_dark_skin_tone
👩‍⚕️	woman_health_worker	woman_health_worker
👩🏻‍⚕️	woman_health_worker_tone1	woman_health_worker_tone1,woman_health_worker_light_skin_tone
👩🏼‍⚕️	woman_health_worker_tone2	woman_health_worker_tone2,woman_health_worker_medium_light_skin_tone
👩🏽‍⚕️	woman_health_worker_tone3	woman_health_worker_tone3,woman_health_worker_medium_skin_tone
👩🏾‍⚕️	woman_health_worker_tone4	woman_health_worker_tone4,woman_health_worker_medium_dark_skin_tone
👩🏿‍⚕️	woman_health_worker_tone5	woman_health_worker_tone5,woman_health_worker_dark_skin_tone
🧑‍🎓	student	student
🧑🏻‍🎓	student_tone1	student_tone1,student_light_skin_tone
🧑🏼‍🎓	student_tone2	student_tone2,student_medium_light_skin_tone
🧑🏽‍🎓	student_tone3	student_tone3,student_medium_skin_tone
🧑🏾‍🎓	student_tone4	student_tone4,student_medium_dark_skin_tone
🧑🏿‍🎓	student_tone5	student_tone5,student_dark_skin_tone
👨‍🎓	man_student	man_student
👨🏻‍🎓	man_student_tone1	man_student_tone1,man_student_light_skin_tone
👨🏼‍🎓	man_student_tone2	man_student_tone2,man_student_medium_light_skin_tone
👨🏽‍🎓	man_student_tone3	man_student_tone3,man_student_medium_skin_tone
👨🏾‍🎓	man_student_tone4	man_student_tone4,man_student_medium_dark_skin_tone
👨🏿‍🎓	man_student_tone5	man_student_tone5,man_student_dark_skin_tone
👩‍🎓	woman_student	woman_student
👩🏻‍🎓	woman_student_tone1	woman_student_tone1,woman_student_light_skin_tone
👩🏼‍🎓	woman_student_tone2	woman_student_tone2,woman_student_medium_light_skin_tone
👩🏽‍🎓	woman_student_tone3	woman_student_tone3,woman_student_medium_skin_tone
👩🏾‍🎓	woman_student_tone4	woman_student_tone4,woman_student_medium_dark_skin_tone
👩🏿‍🎓	woman_student_tone5	woman_student_tone5,woman_student_dark_skin_tone
🧑‍🏫	teacher	teacher
🧑🏻‍🏫	teacher_tone1	teacher_tone1,teacher_light_skin_tone
🧑🏼‍🏫	teacher_tone2	teacher_tone2,teacher_medium_light_skin_tone
🧑🏽‍🏫	teacher_tone3	teacher_tone3,teacher_medium_skin_tone
🧑🏾‍🏫	teacher_tone4	teacher_tone4,teacher_medium_dark_skin_tone
🧑🏿‍🏫	teacher_tone5	teacher_tone5,teacher_dark_skin_tone
👨‍🏫	man_teacher	man_teacher
👨🏻‍🏫	man_teacher_tone1	man_teacher_tone1,man_teacher_light_skin_tone
👨🏼‍🏫	man_teacher_tone2	man_teacher_tone2,man_teacher_medium_light_skin_tone
👨🏽‍🏫	man_teacher_tone3	man_teacher_tone3,man_teacher_medium_skin_tone
👨🏾‍🏫	man_teacher_tone4	man_teacher_tone4,man_teacher_medium_dark_skin_tone
👨🏿‍🏫	man_teacher_tone5	man_teacher_tone5,man_teacher_dark_skin_tone
👩‍🏫	woman_teacher	woman_teacher
👩🏻‍🏫	woman_teacher_tone1	woman_teacher_tone1,woman_teacher_light_skin_tone
👩🏼‍🏫	woman_teacher_tone2	woman_teacher_tone2,woman_teacher_medium_light_skin_tone
👩🏽‍🏫	woman_teacher_tone3	woman_teacher_tone3,woman_teacher_medium_skin_tone
👩🏾‍🏫	woman_teacher_tone4	woman_teacher_tone4,woman_teacher_medium_dark_skin_tone
👩🏿‍🏫	woman_teacher_tone5	woman_teacher_tone5,woman_teacher_dark_skin_tone
🧑‍⚖️	judge	judge
🧑🏻‍⚖️	judge_tone1	judge_tone1,judge_light_skin_tone
🧑🏼‍⚖️	judge_tone2	judge_tone2,judge_medium_light_skin_tone
🧑🏽‍⚖️	judge_tone3	judge_tone3,judge_medium_skin_tone
🧑🏾‍⚖️	judge_tone4	judge_tone4,judge_medium_dark_skin_tone
🧑🏿‍⚖️	judge_tone5	judge_tone5,judge_dark_skin_tone
👨‍⚖️	man_judge	man_judge
👨🏻‍⚖️	man_judge_tone1	man_judge_tone1,man_judge_light_skin_tone
👨🏼‍⚖️	man_judge_tone2	man_judge_tone2,man_judge_medium_light_skin_tone
👨🏽‍⚖️	man_judge_tone3	man_judge_tone3,man_judge_medium_skin_tone
👨🏾‍⚖️	man_judge_tone4	man_judge_tone4,man_judge_medium_dark_skin_tone
👨🏿‍⚖️	man_judge_tone5	man_judge_tone5,man_judge_dark_skin_tone
👩‍⚖️	woman_judge	woman_judge
👩🏻‍⚖️	woman_judge_tone1	woman_judge_tone1,woman_judge_light_skin_tone
👩🏼‍⚖️	woman_judge_tone2	woman_judge_tone2,woman_judge_medium_light_skin_tone
👩🏽‍⚖️	woman_judge_tone3	woman_judge_tone3,woman_judge_medium_skin_tone
👩🏾‍⚖️	woman_judge_tone4	woman_judge_tone4,woman_judge_medium_dark_skin_tone
👩🏿‍⚖️	woman_judge_tone5	woman_judge_tone5,woman_judge_dark_skin_tone
🧑‍🌾	farmer	farmer
🧑🏻‍🌾	farmer_tone1	farmer_tone1,farmer_light_skin_tone
🧑🏼‍🌾	farmer_tone2	farmer_tone2,farmer_medium_light_skin_tone
🧑🏽‍🌾	farmer_tone3	farmer_tone3,farmer_medium_skin_tone
🧑🏾‍🌾	farmer_tone4	farmer_tone4,farmer_medium_dark_skin_tone
🧑🏿‍🌾	farmer_tone5	farmer_tone5,farmer_dark_skin_tone
👨‍🌾	man_farmer	man_farmer
👨🏻‍🌾	man_farmer_tone1	man_farmer_tone1,man_farmer_light_skin_tone
👨🏼‍🌾	man_farmer_tone2	man_farmer_tone2,man_farmer_medium_light_skin_tone
👨🏽‍🌾	man_farmer_tone3	man_farmer_tone3,man_farmer_medium_skin_tone
👨🏾‍🌾	man_farmer_tone4	man_farmer_tone4,man_farmer_medium_dark_skin_tone
👨🏿‍🌾	man_farmer_tone5	man_farmer_tone5,man_farmer_dark_skin_tone
👩‍🌾	woman_farmer	woman_farmer
👩🏻‍🌾	woman_farmer_tone1	woman_farmer_tone1,woman_farmer_light_skin_tone
👩🏼‍🌾	woman_farmer_tone2	woman_farmer_tone2,woman_farmer_medium_light_skin_tone
👩🏽‍🌾	woman_farmer_tone3	woman_farmer_tone3,woman_farmer_medium_skin_tone
👩🏾‍🌾	woman_farmer_tone4	woman_farmer_tone4,woman_farmer_medium_dark_skin_tone
👩🏿‍🌾	woman_farmer_tone5	woman_farmer_tone5,woman_farmer_dark_skin_tone
🧑‍🍳	cook	cook
🧑🏻‍🍳	cook_tone1	cook_tone1,cook_light_skin_tone
🧑🏼‍🍳	cook_tone2	cook_tone2,cook_medium_light_skin_tone
🧑🏽‍🍳	cook_tone3	cook_tone3,cook_medium_skin_tone
🧑🏾‍🍳	cook_tone4	cook_tone4,cook_medium_dark_skin_tone
🧑🏿‍🍳	cook_tone5	cook_tone5,cook_dark_skin_tone
👨‍🍳	man_cook	man_cook
👨🏻‍🍳	man_cook_tone1	man_cook_tone1,man_cook_light_skin_tone
👨🏼‍🍳	man_cook_tone2	man_cook_tone2,man_cook_medium_light_skin_tone
👨🏽‍🍳	man_cook_tone3	man_cook_tone3,man_cook_medium_skin_tone
👨🏾‍🍳	man_cook_tone4	man_cook_tone4,man_cook_medium_dark_skin_tone
👨🏿‍🍳	man_cook_tone5	man_cook_tone5,man_cook_dark_skin_tone
👩‍🍳	woman_cook	woman_cook
👩🏻‍🍳	woman_cook_tone1	woman_cook_tone1,woman_cook_light_skin_tone
👩🏼‍🍳	woman_cook_tone2	woman_cook_tone2,woman_cook_medium_light_skin_tone
👩🏽‍🍳	woman_cook_tone3	woman_cook_tone3,woman_cook_medium_skin_tone
👩🏾‍🍳	woman_cook_tone4	woman_cook_tone4,woman_cook_medium_dark_skin_tone
👩🏿‍🍳	woman_cook_tone5	woman_cook_tone5,woman_cook_dark_skin_tone
🧑‍🔧	mechanic	mechanic
🧑🏻‍🔧	mechanic_tone1	mechanic_tone1,mechanic_light_skin_tone
🧑🏼‍🔧	mechanic_tone2	mechanic_tone2,mechanic_medium_light_skin_tone
🧑🏽‍🔧	mechanic_tone3	mechanic_tone3,mechanic_medium_skin_tone
🧑🏾‍🔧	mechanic_tone4	mechanic_tone4,mechanic_medium_dark_skin_tone
🧑🏿‍🔧	mechanic_tone5	mechanic_tone5,mechanic_dark_skin_tone
👨‍🔧	man_mechanic	man_mechanic
👨🏻‍🔧	man_mechanic_tone1	man_mechanic_tone1,man_mechanic_light_skin_tone
👨🏼‍🔧	man_mechanic_tone2	man_mechanic_tone2,man_mechanic_medium_light_skin_tone
👨🏽‍🔧	man_mechanic_tone3	man_mechanic_tone3,man_mechanic_medium_skin_tone
👨🏾‍🔧	man_mechanic_tone4	man_mechanic_tone4,man_mechanic_medium_dark_skin_tone
👨🏿‍🔧	man_mechanic_tone5	man_mechanic_tone5,man_mechanic_dark_skin_tone
👩‍🔧	woman_mechanic	woman_mechanic
👩🏻‍🔧	woman_mechanic_tone1	woman_mechanic_tone1,woman_mechanic_light_skin_tone
👩🏼‍🔧	woman_mechanic_tone2	woman_mechanic_tone2,woman_mechanic_medium_light_skin_tone
👩🏽‍🔧	woman_mechanic_tone3	woman_mechanic_tone3,woman_mechanic_medium_skin_tone
👩🏾‍🔧	woman_mechanic_tone4	woman_mechanic_tone4,woman_mechanic_medium_dark_skin_tone
👩🏿‍🔧	woman_mechanic_tone5	woman_mechanic_tone5,woman_mechanic_dark_skin_tone
🧑‍🏭	factory_worker	factory_worker
🧑🏻‍🏭	factory_worker_tone1	factory_worker_tone1,factory_worker_light_skin_tone
🧑🏼‍🏭	factory_worker_tone2	factory_worker_tone2,factory_worker_medium_light_skin_tone
🧑🏽‍🏭	factory_worker_tone3	factory_worker_tone3,factory_worker_medium_skin_tone
🧑🏾‍🏭	factory_worker_tone4	factory_worker_tone4,factory_worker_medium_dark_skin_tone
🧑🏿‍🏭	factory_worker_tone5	factory_worker_tone5,factory_worker_dark_skin_tone
👨‍🏭	man_factory_worker	man_factory_worker
👨🏻‍🏭	man_factory_worker_tone1	man_factory_worker_tone1,man_factory_worker_light_skin_tone
👨🏼‍🏭	man_factory_worker_tone2	man_factory_worker_tone2,man_factory_worker_medium_light_skin_tone
👨🏽‍🏭	man_factory_worker_tone3	man_factory_worker_tone3,man_factory_worker_medium_skin_tone
👨🏾‍🏭	man_factory_worker_tone4	man_factory_worker_tone4,man_factory_worker_medium_dark_skin_tone
👨🏿‍🏭	man_factory_worker_tone5	man_factory_worker_tone5,man_factory_worker_dark_skin_tone
👩‍🏭	woman_factory_worker	woman_factory_worker
👩🏻‍🏭	woman_factory_worker_tone1	woman_factory_worker_tone1,woman_factory_worker_light_skin_tone
👩🏼‍🏭	woman_factory_worker_tone2	woman_factory_worker_tone2,woman_factory_worker_medium_light_skin_tone
👩🏽‍🏭	woman_factory_worker_tone3	woman_factory_worker_tone3,woman_factory_worker_medium_skin_tone
👩🏾‍🏭	woman_factory_worker_tone4	woman_factory_worker_tone4,woman_factory_worker_medium_dark_skin_tone
👩🏿‍🏭	woman_factory_worker_tone5	woman_factory_worker_tone5,woman_factory_worker_dark_skin_tone
🧑‍💼	office_worker	office_worker
🧑🏻‍💼	office_worker_tone1	office_worker_tone1,office_worker_light_skin_tone
🧑🏼‍💼	office_worker_tone2	office_worker_tone2,office_worker_medium_light_skin_tone
🧑🏽‍💼	office_worker_tone3	office_worker_tone3,office_worker_medium_skin_tone
🧑🏾‍💼	office_worker_tone4	office_worker_tone4,office_worker_medium_dark_skin_tone
🧑🏿‍💼	office_worker_tone5	office_worker_tone5,office_worker_dark_skin_tone
👨‍💼	man_office_worker	man_office_worker
👨🏻‍💼	man_office_worker_tone1	man_office_worker_tone1,man_office_worker_light_skin_tone
👨🏼‍💼	man_office_worker_tone2	man_office_worker_tone2,man_office_worker_medium_light_skin_tone
👨🏽‍💼	man_office_worker_tone3	man_office_worker_tone3,man_office_worker_medium_skin_tone
👨🏾‍💼	man_office_worker_tone4	man_office_worker_tone4,man_office_worker_medium_dark_skin_tone
👨🏿‍💼	man_office_worker_tone5	man_office_worker_tone5,man_office_worker_dark_skin_tone
👩‍💼	woman_office_worker	woman_office_worker
👩🏻‍💼	woman_office_worker_tone1	woman_office_worker_tone1,woman_office_worker_light_skin_tone
👩🏼‍💼	woman_office_worker_tone2	woman_office_worker_tone2,woman_office_worker_medium_light_skin_tone
👩🏽‍💼	woman_office_worker_tone3	woman_office_worker_tone3,woman_office_worker_medium_skin_tone
👩🏾‍💼	woman_office_worker_tone4	woman_office_worker_tone4,woman_office_worker_medium_dark_skin_tone
👩🏿‍💼	woman_office_worker_tone5	woman_office_worker_tone5,woman_office_worker_dark_skin_tone
🧑‍🔬	scientist	scientist
🧑🏻‍🔬	scientist_tone1	scientist_tone1,scientist_light_skin_tone
🧑🏼‍🔬	scientist_tone2	scientist_tone2,scientist_medium_light_skin_tone
🧑🏽‍🔬	scientist_tone3	scientist_tone3,scientist_medium_skin_tone
🧑🏾‍🔬	scientist_tone4	scientist_tone4,scientist_medium_dark_skin_tone
🧑🏿‍🔬	scientist_tone5	scientist_tone5,scientist_dark_skin_tone
👨‍🔬	man_scientist	man_scientist
👨🏻‍🔬	man_scientist_tone1	man_scientist_tone1,man_scientist_light_skin_tone
👨🏼‍🔬	man_scientist_tone2	man_scientist_tone2,man_scientist_medium_light_skin_tone
👨🏽‍🔬	man_scientist_tone3	man_scientist_tone3,man_scientist_medium_skin_tone
👨🏾‍🔬	man_scientist_tone4	man_scientist_tone4,man_scientist_medium_dark_skin_tone
👨🏿‍🔬	man_scientist_tone5	man_scientist_tone5,man_scientist_dark_skin_tone
👩‍🔬	woman_scientist	woman_scientist
👩🏻‍🔬	woman_scientist_tone1	woman_scientist_tone1,woman_scientist_light_skin_tone
👩🏼‍🔬	woman_scientist_tone2	woman_scientist_tone2,woman_scientist_medium_light_skin_tone
👩🏽‍🔬	woman_scientist_tone3	woman_scientist_tone3,woman_scientist_medium_skin_tone
👩🏾‍🔬	woman_scientist_tone4	woman_scientist_tone4,woman_scientist_medium_dark_skin_tone
👩🏿‍🔬	woman_scientist_tone5	woman_scientist_tone5,woman_scientist_dark_skin_tone
🧑‍💻	technologist	technologist
🧑🏻‍💻	technologist_tone1	technologist_tone1,technologist_light_skin_tone
🧑🏼‍💻	technologist_tone2	technologist_tone2,technologist_medium_light_skin_tone
🧑🏽‍💻	technologist_tone3	technologist_tone3,technologist_medium_skin_tone
🧑🏾‍💻	technologist_tone4	technologist_tone4,technologist_medium_dark_skin_tone
🧑🏿‍💻	technologist_tone5	technologist_tone5,technologist_dark_skin_tone
👨‍💻	man_technologist	man_technologist
👨🏻‍💻	man_technologist_tone1	man_technologist_tone1,man_technologist_light_skin_tone
👨🏼‍💻	man_technologist_tone2	man_technologist_tone2,man_technologist_medium_light_skin_tone
👨🏽‍💻	man_technologist_tone3	man_technologist_tone3,man_technologist_medium_skin_tone
👨🏾‍💻	man_technologist_tone4	man_technologist_tone4,man_technologist_medium_dark_skin_tone
👨🏿‍💻	man_technologist_tone5	man_technologist_tone5,man_technologist_dark_skin_tone
👩‍💻	woman_technologist	woman_technologist
👩🏻‍💻	woman_technologist_tone1	woman_technologist_tone1,woman_technologist_light_skin_tone
👩🏼‍💻	woman_technologist_tone2	woman_technologist_tone2,woman_technologist_medium_light_skin_tone
👩🏽‍💻	woman_technologist_tone3	woman_technologist_tone3,woman_technologist_medium_skin_tone
👩🏾‍💻	woman_technologist_tone4	woman_technologist_tone4,woman_technologist_medium_dark_skin_tone
👩🏿‍💻	woman_technologist_tone5	woman_technologist_tone5,woman_technologist_dark_skin_tone
🧑‍🎤	singer	singer
🧑🏻‍🎤	singer_tone1	singer_tone1,singer_light_skin_tone
🧑🏼‍🎤	singer_tone2	singer_tone2,singer_medium_light_skin_tone
🧑🏽‍🎤	singer_tone3	singer_tone3,singer_medium_skin_tone
🧑🏾‍🎤	singer_tone4	singer_tone4,singer_medium_dark_skin_tone
🧑🏿‍🎤	singer_tone5	singer_tone5,singer_dark_skin_tone
👨‍🎤	man_singer	man_singer
👨🏻‍🎤	man_singer_tone1	man_singer_tone1,man_singer_light_skin_tone
👨🏼‍🎤	man_singer_tone2	man_singer_tone2,man_singer_medium_light_skin_tone
👨🏽‍🎤	man_singer_tone3	man_singer_tone3,man_singer_medium_skin_tone
👨🏾‍🎤	man_singer_tone4	man_singer_tone4,man_singer_medium_dark_skin_tone
👨🏿‍🎤	man_singer_tone5	man_singer_tone5,man_singer_dark_skin_tone
👩‍🎤	woman_singer	woman_singer
👩🏻‍🎤	woman_singer_tone1	woman_singer_tone1,woman_singer_light_skin_tone
👩🏼‍🎤	woman_singer_tone2	woman_singer_tone2,woman_singer_medium_light_skin_tone
👩🏽‍🎤	woman_singer_tone3	woman_singer_tone3,woman_singer_medium_skin_tone
👩🏾‍🎤	woman_singer_tone4	woman_singer_tone4,woman_singer_medium_dark_skin_tone
👩🏿‍🎤	woman_singer_tone5	woman_singer_tone5,woman_singer_dark_skin_tone
🧑‍🎨	artist	artist
🧑🏻‍🎨	artist_tone1	artist_tone1,artist_light_skin_tone
🧑🏼‍🎨	artist_tone2	artist_tone2,artist_medium_light_skin_tone
🧑🏽‍🎨	artist_tone3	artist_tone3,artist_medium_skin_tone
🧑🏾‍🎨	artist_tone4	artist_tone4,artist_medium_dark_skin_tone
🧑🏿‍🎨	artist_tone5	artist_tone5,artist_dark_skin_tone
👨‍🎨	man_artist	man_artist
👨🏻‍🎨	man_artist_tone1	man_artist_tone1,man_artist_light_skin_tone
👨🏼‍🎨	man_artist_tone2	man_artist_tone2,man_artist_medium_light_skin_tone
👨🏽‍🎨	man_artist_tone3	man_artist_tone3,man_artist_medium_skin_tone
👨🏾‍🎨	man_artist_tone4	man_artist_tone4,man_artist_medium_dark_skin_tone
👨🏿‍🎨	man_artist_tone5	man_artist_tone5,man_artist_dark_skin_tone
👩‍🎨	woman_artist	woman_artist
👩🏻‍🎨	woman_artist_tone1	woman_artist_tone1,woman_artist_light_skin_tone
👩🏼‍🎨	woman_artist_tone2	woman_artist_tone2,woman_artist_medium_light_skin_tone
👩🏽‍🎨	woman_artist_tone3	woman_artist_tone3,woman_artist_medium_skin_tone
👩🏾‍🎨	woman_artist_tone4	woman_artist_tone4,woman_artist_medium_dark_skin_tone
👩🏿‍🎨	woman_artist_tone5	woman_artist_tone5,woman_artist_dark_skin_tone
🧑‍✈️	pilot	pilot
🧑🏻‍✈️	pilot_tone1	pilot_tone1,pilot_light_skin_tone
🧑🏼‍✈️	pilot_tone2	pilot_tone2,pilot_medium_light_skin_tone
🧑🏽‍✈️	pilot_tone3	pilot_tone3,pilot_medium_skin_tone
🧑🏾‍✈️	pilot_tone4	pilot_tone4,pilot_medium_dark_skin_tone
🧑🏿‍✈️	pilot_tone5	pilot_tone5,pilot_dark_skin_tone
👨‍✈️	man_pilot	man_pilot
👨🏻‍✈️	man_pilot_tone1	man_pilot_tone1,man_pilot_light_skin_tone
👨🏼‍✈️	man_pilot_tone2	man_pilot_tone2,man_pilot_medium_light_skin_tone
👨🏽‍✈️	man_pilot_tone3	man_pilot_tone3,man_pilot_medium_skin_tone
👨🏾‍✈️	man_pilot_tone4	man_pilot_tone4,man_pilot_medium_dark_skin_tone
👨🏿‍✈️	man_pilot_tone5	man_pilot_tone5,man_pilot_dark_skin_tone
👩‍✈️	woman_pilot	woman_pilot
👩🏻‍✈️	woman_pilot_tone1	woman_pilot_tone1,woman_pilot_light_skin_tone
👩🏼‍✈️	woman_pilot_tone2	woman_pilot_tone2,woman_pilot_medium_light_skin_tone
👩🏽‍✈️	woman_pilot_tone3	woman_pilot_tone3,woman_pilot_medium_skin_tone
👩🏾‍✈️	woman_pilot_tone4	woman_pilot_tone4,woman_pilot_medium_dark_skin_tone
👩🏿‍✈️	woman_pilot_tone5	woman_pilot_tone5,woman_pilot_dark_skin_tone
🧑‍🚀	astronaut	astronaut
🧑🏻‍🚀	astronaut_tone1	astronaut_tone1,astronaut_light_skin_tone
🧑🏼‍🚀	astronaut_tone2	astronaut_tone2,astronaut_medium_light_skin_tone
🧑🏽‍🚀	astronaut_tone3	astronaut_tone3,astronaut_medium_skin_tone
🧑🏾‍🚀	astronaut_tone4	astronaut_tone4,astronaut_medium_dark_skin_tone
🧑🏿‍🚀	astronaut_tone5	astronaut_tone5,astronaut_dark_skin_tone
👨‍🚀	man_astronaut	man_astronaut
👨🏻‍🚀	man_astronaut_tone1	man_astronaut_tone1,man_astronaut_light_skin_tone
👨🏼‍🚀	man_astronaut_tone2	man_astronaut_tone2,man_astronaut_medium_light_skin_tone
👨🏽‍🚀	man_astronaut_tone3	man_astronaut_tone3,man_astronaut_medium_skin_tone
👨🏾‍🚀	man_astronaut_tone4	man_astronaut_tone4,man_astronaut_medium_dark_skin_tone
👨🏿‍🚀	man_astronaut_tone5	man_astronaut_tone5,man_astronaut_dark_skin_tone
👩‍🚀	woman_astronaut	woman_astronaut
👩🏻‍🚀	woman_astronaut_tone1	woman_astronaut_tone1,woman_astronaut_light_skin_tone
👩🏼‍🚀	woman_astronaut_tone2	woman_astronaut_tone2,woman_astronaut_medium_light_skin_tone
👩🏽‍🚀	woman_astronaut_tone3	woman_astronaut_tone3,woman_astronaut_medium_skin_tone
👩🏾‍🚀	woman_astronaut_tone4	woman_astronaut_tone4,woman_astronaut_medium_dark_skin_tone
👩🏿‍🚀	woman_astronaut_tone5	woman_astronaut_tone5,woman_astronaut_dark_skin_tone
🧑‍🚒	firefighter	firefighter
🧑🏻‍🚒	firefighter_tone1	firefighter_tone1,firefighter_light_skin_tone
🧑🏼‍🚒	firefighter_tone2	firefighter_tone2,firefighter_medium_light_skin_tone
🧑🏽‍🚒	firefighter_tone3	firefighter_tone3,firefighter_medium_skin_tone
🧑🏾‍🚒	firefighter_tone4	firefighter_tone4,firefighter_medium_dark_skin_tone
🧑🏿‍🚒	firefighter_tone5	firefighter_tone5,firefighter_dark_skin_tone
👨‍🚒	man_firefighter	man_firefighter
👨🏻‍🚒	man_firefighter_tone1	man_firefighter_tone1,man_firefighter_light_skin_tone
👨🏼‍🚒	man_firefighter_tone2	man_firefighter_tone2,man_firefighter_medium_light_skin_tone
👨🏽‍🚒	man_firefighter_tone3	man_firefighter_tone3,man_firefighter_medium_skin_tone
👨🏾‍🚒	man_firefighter_tone4	man_firefighter_tone4,man_firefighter_medium_dark_skin_tone
👨🏿‍🚒	man_firefighter_tone5	man_firefighter_tone5,man_firefighter_dark_skin_tone
👩‍🚒	woman_firefighter	woman_firefighter
👩🏻‍🚒	woman_firefighter_tone1	woman_firefighter_tone1,woman_firefighter_light_skin_tone
👩🏼‍🚒	woman_firefighter_tone2	woman_firefighter_tone2,woman_firefighter_medium_light_skin_tone
👩🏽‍🚒	woman_firefighter_tone3	woman_firefighter_tone3,woman_firefighter_medium_skin_tone
👩🏾‍🚒	woman_firefighter_tone4	woman_firefighter_tone4,woman_firefighter_medium_dark_skin_tone
👩🏿‍🚒	woman_firefighter_tone5	woman_firefighter_tone5,woman_firefighter_dark_skin_tone
👮	police_officer	police_officer,cop
👮🏻	police_officer_tone1	police_officer_tone1,cop_tone1
👮🏼	police_officer_tone2	police_officer_tone2,cop_tone2
👮🏽	police_officer_tone3	police_officer_tone3,cop_tone3
👮🏾	police_officer_tone4	police_officer_tone4,cop_tone4
👮🏿	police_officer_tone5	police_officer_tone5,cop_tone5
👮‍♂️	man_police_officer	man_police_officer
👮🏻‍♂️	man_police_officer_tone1	man_police_officer_tone1,man_police_officer_light_skin_tone
👮🏼‍♂️	man_police_officer_tone2	man_police_officer_tone2,man_police_officer_medium_light_skin_tone
👮🏽‍♂️	man_police_officer_tone3	man_police_officer_tone3,man_police_officer_medium_skin_tone
👮🏾‍♂️	man_police_officer_tone4	man_police_officer_tone4,man_police_officer_medium_dark_skin_tone
👮🏿‍♂️	man_police_officer_tone5	man_police_officer_tone5,man_police_officer_dark_skin_tone
👮‍♀️	woman_police_officer	woman_police_officer
👮🏻‍♀️	woman_police_officer_tone1	woman_police_officer_tone1,woman_police_officer_light_skin_tone
👮🏼‍♀️	woman_police_officer_tone2	woman_police_officer_tone2,woman_police_officer_medium_light_skin_tone
👮🏽‍♀️	woman_police_officer_tone3	woman_police_officer_tone3,woman_police_officer_medium_skin_tone
👮🏾‍♀️	woman_police_officer_tone4	woman_police_officer_tone4,woman_police_officer_medium_dark_skin_tone
👮🏿‍♀️	woman_police_officer_tone5	woman_police_officer_tone5,woman_police_officer_dark_skin_tone
🕵️	detective	detective,spy,sleuth_or_spy
🕵🏻	detective_tone1	detective_tone1,spy_tone1,sleuth_or_spy_tone1
🕵🏼	detective_tone2	detective_tone2,spy_tone2,sleuth_or_spy_tone2
🕵🏽	detective_tone3	detective_tone3,spy_tone3,sleuth_or_spy_tone3
🕵🏾	detective_tone4	detective_tone4,spy_tone4,sleuth_or_spy_tone4
🕵🏿	detective_tone5	detective_tone5,spy_tone5,sleuth_or_spy_tone5
🕵️‍♂️	man_detective	man_detective
🕵🏻‍♂️	man_detective_tone1	man_detective_tone1,man_detective_light_skin_tone
🕵🏼‍♂️	man_detective_tone2	man_detective_tone2,man_detective_medium_light_skin_tone
🕵🏽‍♂️	man_detective_tone3	man_detective_tone3,man_detective_medium_skin_tone
🕵🏾‍♂️	man_detective_tone4	man_detective_tone4,man_detective_medium_dark_skin_tone
🕵🏿‍♂️	man_detective_tone5	man_detective_tone5,man_detective_dark_skin_tone
🕵️‍♀️	woman_detective	woman_detective
🕵🏻‍♀️	woman_detective_tone1	woman_detective_tone1,woman_detective_light_skin_tone
🕵🏼‍♀️	woman_detective_tone2	woman_detective_tone2,woman_detective_medium_light_skin_tone
🕵🏽‍♀️	woman_detective_tone3	woman_detective_tone3,woman_detective_medium_skin_tone
🕵🏾‍♀️	woman_detective_tone4	woman_detective_tone4,woman_detective_medium_dark_skin_tone
🕵🏿‍♀️	woman_detective_tone5	woman_detective_tone5,woman_detective_dark_skin_tone
💂	guard	guard,guardsman
💂🏻	guard_tone1	guard_tone1,guardsman_tone1
💂🏼	guard_tone2	guard_tone2,guardsman_tone2
💂🏽	guard_tone3	guard_tone3,guardsman_tone3
💂🏾	guard_tone4	guard_tone4,guardsman_tone4
💂🏿	guard_tone5	guard_tone5,guardsman_tone5
💂‍♂️	man_guard	man_guard
💂🏻‍♂️	man_guard_tone1	man_guard_tone1,man_guard_light_skin_tone
💂🏼‍♂️	man_guard_tone2	man_guard_tone2,man_guard_medium_light_skin_tone
💂🏽‍♂️	man_guard_tone3	man_guard_tone3,man_guard_medium_skin_tone
💂🏾‍♂️	man_guard_tone4	man_guard_tone4,man_guard_medium_dark_skin_tone
💂🏿‍♂️	man_guard_tone5	man_guard_tone5,man_guard_dark_skin_tone
💂‍♀️	woman_guard	woman_guard
💂🏻‍♀️	woman_guard_tone1	woman_guard_tone1,woman_guard_light_skin_tone
💂🏼‍♀️	woman_guard_tone2	woman_guard_tone2,woman_guard_medium_light_skin_tone
💂🏽‍♀️	woman_guard_tone3	woman_guard_tone3,woman_guard_medium_skin_tone
💂🏾‍♀️	woman_guard_tone4	woman_guard_tone4,woman_guard_medium_dark_skin_tone
💂🏿‍♀️	woman_guard_tone5	woman_guard_tone5,woman_guard_dark_skin_tone
🥷	ninja	ninja
🥷🏻	ninja_tone1	ninja_tone1,ninja_light_skin_tone
🥷🏼	ninja_tone2	ninja_tone2,ninja_medium_light_skin_tone
🥷🏽	ninja_tone3	ninja_tone3,ninja_medium_skin_tone
🥷🏾	ninja_tone4	ninja_tone4,ninja_medium_dark_skin_tone
🥷🏿	ninja_tone5	ninja_tone5,ninja_dark_skin_tone
👷	construction_worker	construction_worker
👷🏻	construction_worker_tone1	construction_worker_tone1
👷🏼	construction_worker_tone2	construction_worker_tone2
👷🏽	construction_worker_tone3	construction_worker_tone3
👷🏾	construction_worker_tone4	construction_worker_tone4
👷🏿	construction_worker_tone5	construction_worker_tone5
👷‍♂️	man_construction_worker	man_construction_worker
👷🏻‍♂️	man_construction_worker_tone1	man_construction_worker_tone1,man_construction_worker_light_skin_tone
👷🏼‍♂️	man_construction_worker_tone2	man_construction_worker_tone2,man_construction_worker_medium_light_skin_tone
👷🏽‍♂️	man_construction_worker_tone3	man_construction_worker_tone3,man_construction_worker_medium_skin_tone
👷🏾‍♂️	man_construction_worker_tone4	man_construction_worker_tone4,man_construction_worker_medium_dark_skin_tone
👷🏿‍♂️	man_construction_worker_tone5	man_construction_worker_tone5,man_construction_worker_dark_skin_tone
👷‍♀️	woman_construction_worker	woman_construction_worker
👷🏻‍♀️	woman_construction_worker_tone1	woman_construction_worker_tone1,woman_construction_worker_light_skin_tone
👷🏼‍♀️	woman_construction_worker_tone2	woman_construction_worker_tone2,woman_construction_worker_medium_light_skin_tone
👷🏽‍♀️	woman_construction_worker_tone3	woman_construction_worker_tone3,woman_construction_worker_medium_skin_tone
👷🏾‍♀️	woman_construction_worker_tone4	woman_construction_worker_tone4,woman_construction_worker_medium_dark_skin_tone
👷🏿‍♀️	woman_construction_worker_tone5	woman_construction_worker_tone5,woman_construction_worker_dark_skin_tone
🫅	person_with_crown	person_with_crown
🫅🏻	person_with_crown_tone1	person_with_crown_tone1,person_with_crown_light_skin_tone
🫅🏼	person_with_crown_tone2	person_with_crown_tone2,person_with_crown_medium_light_skin_tone
🫅🏽	person_with_crown_tone3	person_with_crown_tone3,person_with_crown_medium_skin_tone
🫅🏾	person_with_crown_tone4	person_with_crown_tone4,person_with_crown_medium_dark_skin_tone
🫅🏿	person_with_crown_tone5	person_with_crown_tone5,person_with_crown_dark_skin_tone
🤴	prince	prince
🤴🏻	prince_tone1	prince_tone1
🤴🏼	prince_tone2	prince_tone2
🤴🏽	prince_tone3	prince_tone3
🤴🏾	prince_tone4	prince_tone4
🤴🏿	prince_tone5	prince_tone5
👸	princess	princess
👸🏻	princess_tone1	princess_tone1
👸🏼	princess_tone2	princess_tone2
👸🏽	princess_tone3	princess_tone3
👸🏾	princess_tone4	princess_tone4
👸🏿	princess_tone5	princess_tone5
👳	person_wearing_turban	person_wearing_turban,man_with_turban
👳🏻	person_wearing_turban_tone1	person_wearing_turban_tone1,man_with_turban_tone1
👳🏼	person_wearing_turban_tone2	person_wearing_turban_tone2,man_with_turban_tone2
👳🏽	person_wearing_turban_tone3	person_wearing_turban_tone3,man_with_turban_tone3
👳🏾	person_wearing_turban_tone4	person_wearing_turban_tone4,man_with_turban_tone4
👳🏿	person_wearing_turban_tone5	person_wearing_turban_tone5,man_with_turban_tone5
👳‍♂️	man_wearing_turban	man_wearing_turban
👳🏻‍♂️	man_wearing_turban_tone1	man_wearing_turban_tone1,man_wearing_turban_light_skin_tone
👳🏼‍♂️	man_wearing_turban_tone2	man_wearing_turban_tone2,man_wearing_turban_medium_light_skin_tone
👳🏽‍♂️	man_wearing_turban_tone3	man_wearing_turban_tone3,man_wearing_turban_medium_skin_tone
👳🏾‍♂️	man_wearing_turban_tone4	man_wearing_turban_tone4,man_wearing_turban_medium_dark_skin_tone
👳🏿‍♂️	man_wearing_turban_tone5	man_wearing_turban_tone5,man_wearing_turban_dark_skin_tone
👳‍♀️	woman_wearing_turban	woman_wearing_turban
👳🏻‍♀️	woman_wearing_turban_tone1	woman_wearing_turban_tone1,woman_wearing_turban_light_skin_tone
👳🏼‍♀️	woman_wearing_turban_tone2	woman_wearing_turban_tone2,woman_wearing_turban_medium_light_skin_tone
👳🏽‍♀️	woman_wearing_turban_tone3	woman_wearing_turban_tone3,woman_wearing_turban_medium_skin_tone
👳🏾‍♀️	woman_wearing_turban_tone4	woman_wearing_turban_tone4,woman_wearing_turban_medium_dark_skin_tone
👳🏿‍♀️	woman_wearing_turban_tone5	woman_wearing_turban_tone5,woman_wearing_turban_dark_skin_tone
👲	man_with_chinese_cap	man_with_chinese_cap,man_with_gua_pi_mao
👲🏻	man_with_chinese_cap_tone1	man_with_chinese_cap_tone1,man_with_gua_pi_mao_tone1
👲🏼	man_with_chinese_cap_tone2	man_with_chinese_cap_tone2,man_with_gua_pi_mao_tone2
👲🏽	man_with_chinese_cap_tone3	man_with_chinese_cap_tone3,man_with_gua_pi_mao_tone3
👲🏾	man_with_chinese_cap_tone4	man_with_chinese_cap_tone4,man_with_gua_pi_mao_tone4
👲🏿	man_with_chinese_cap_tone5	man_with_chinese_cap_tone5,man_with_gua_pi_mao_tone5
🧕	woman_with_headscarf	woman_with_headscarf
🧕🏻	woman_with_headscarf_tone1	woman_with_headscarf_tone1,woman_with_headscarf_light_skin_tone
🧕🏼	woman_with_headscarf_tone2	woman_with_headscarf_tone2,woman_with_headscarf_medium_light_skin_tone
🧕🏽	woman_with_headscarf_tone3	woman_with_headscarf_tone3,woman_with_headscarf_medium_skin_tone
🧕🏾	woman_with_headscarf_tone4	woman_with_headscarf_tone4,woman_with_headscarf_medium_dark_skin_tone
🧕🏿	woman_with_headscarf_tone5	woman_with_headscarf_tone5,woman_with_headscarf_dark_skin_tone
🤵	person_in_tuxedo	person_in_tuxedo
🤵🏻	person_in_tuxedo_tone1	person_in_tuxedo_tone1,tuxedo_tone1
🤵🏼	person_in_tuxedo_tone2	person_in_tuxedo_tone2,tuxedo_tone2
🤵🏽	person_in_tuxedo_tone3	person_in_tuxedo_tone3,tuxedo_tone3
🤵🏾	person_in_tuxedo_tone4	person_in_tuxedo_tone4,tuxedo_tone4
🤵🏿	person_in_tuxedo_tone5	person_in_tuxedo_tone5,tuxedo_tone5
🤵‍♂️	man_in_tuxedo	man_in_tuxedo
🤵🏻‍♂️	man_in_tuxedo_tone1	man_in_tuxedo_tone1,man_in_tuxedo_light_skin_tone
🤵🏼‍♂️	man_in_tuxedo_tone2	man_in_tuxedo_tone2,man_in_tuxedo_medium_light_skin_tone
🤵🏽‍♂️	man_in_tuxedo_tone3	man_in_tuxedo_tone3,man_in_tuxedo_medium_skin_tone
🤵🏾‍♂️	man_in_tuxedo_tone4	man_in_tuxedo_tone4,man_in_tuxedo_medium_dark_skin_tone
🤵🏿‍♂️	man_in_tuxedo_tone5	man_in_tuxedo_tone5,man_in_tuxedo_dark_skin_tone
🤵‍♀️	woman_in_tuxedo	woman_in_tuxedo
🤵🏻‍♀️	woman_in_tuxedo_tone1	woman_in_tuxedo_tone1,woman_in_tuxedo_light_skin_tone
🤵🏼‍♀️	woman_in_tuxedo_tone2	woman_in_tuxedo_tone2,woman_in_tuxedo_medium_light_skin_tone
🤵🏽‍♀️	woman_in_tuxedo_tone3	woman_in_tuxedo_tone3,woman_in_tuxedo_medium_skin_tone
🤵🏾‍♀️	woman_in_tuxedo_tone4	woman_in_tuxedo_tone4,woman_in_tuxedo_medium_dark_skin_tone
🤵🏿‍♀️	woman_in_tuxedo_tone5	woman_in_tuxedo_tone5,woman_in_tuxedo_dark_skin_tone
👰	person_with_veil	person_with_veil
👰🏻	person_with_veil_tone1	person_with_veil_tone1
👰🏼	person_with_veil_tone2	person_with_veil_tone2
👰🏽	person_with_veil_tone3	person_with_veil_tone3
👰🏾	person_with_veil_tone4	person_with_veil_tone4
👰🏿	person_with_veil_tone5	person_with_veil_tone5
👰‍♂️	man_with_veil	man_with_veil
👰🏻‍♂️	man_with_veil_tone1	man_with_veil_tone1,man_with_veil_light_skin_tone
👰🏼‍♂️	man_with_veil_tone2	man_with_veil_tone2,man_with_veil_medium_light_skin_tone
👰🏽‍♂️	man_with_veil_tone3	man_with_veil_tone3,man_with_veil_medium_skin_tone
👰🏾‍♂️	man_with_veil_tone4	man_with_veil_tone4,man_with_veil_medium_dark_skin_tone
👰🏿‍♂️	man_with_veil_tone5	man_with_veil_tone5,man_with_veil_dark_skin_tone
👰‍♀️	woman_with_veil	woman_with_veil,bride_with_veil
👰🏻‍♀️	woman_with_veil_tone1	woman_with_veil_tone1,woman_with_veil_light_skin_tone
👰🏼‍♀️	woman_with_veil_tone2	woman_with_veil_tone2,woman_with_veil_medium_light_skin_tone
👰🏽‍♀️	woman_with_veil_tone3	woman_with_veil_tone3,woman_with_veil_medium_skin_tone
👰🏾‍♀️	woman_with_veil_tone4	woman_with_veil_tone4,woman_with_veil_medium_dark_skin_tone
👰🏿‍♀️	woman_with_veil_tone5	woman_with_veil_tone5,woman_with_veil_dark_skin_tone
🤰	pregnant_woman	pregnant_woman,expecting_woman
🤰🏻	pregnant_woman_tone1	pregnant_woman_tone1,expecting_woman_tone1
🤰🏼	pregnant_woman_tone2	pregnant_woman_tone2,expecting_woman_tone2
🤰🏽	pregnant_woman_tone3	pregnant_woman_tone3,expecting_woman_tone3
🤰🏾	pregnant_woman_tone4	pregnant_woman_tone4,expecting_woman_tone4
🤰🏿	pregnant_woman_tone5	pregnant_woman_tone5,expecting_woman_tone5
🫃	pregnant_man	pregnant_man
🫃🏻	pregnant_man_tone1	pregnant_man_tone1,pregnant_man_light_skin_tone
🫃🏼	pregnant_man_tone2	pregnant_man_tone2,pregnant_man_medium_light_skin_tone
🫃🏽	pregnant_man_tone3	pregnant_man_tone3,pregnant_man_medium_skin_tone
🫃🏾	pregnant_man_tone4	pregnant_man_tone4,pregnant_man_medium_dark_skin_tone
🫃🏿	pregnant_man_tone5	pregnant_man_tone5,pregnant_man_dark_skin_tone
🫄	pregnant_person	pregnant_person
🫄🏻	pregnant_person_tone1	pregnant_person_tone1,pregnant_person_light_skin_tone
🫄🏼	pregnant_person_tone2	pregnant_person_tone2,pregnant_person_medium_light_skin_tone
🫄🏽	pregnant_person_tone3	pregnant_person_tone3,pregnant_person_medium_skin_tone
🫄🏾	pregnant_person_tone4	pregnant_person_tone4,pregnant_person_medium_dark_skin_tone
🫄🏿	pregnant_person_tone5	pregnant_person_tone5,pregnant_person_dark_skin_tone
🤱	breast_feeding	breast_feeding
🤱🏻	breast_feeding_tone1	breast_feeding_tone1,breast_feeding_light_skin_tone
🤱🏼	breast_feeding_tone2	breast_feeding_tone2,breast_feeding_medium_light_skin_tone
🤱🏽	breast_feeding_tone3	breast_feeding_tone3,breast_feeding_medium_skin_tone
🤱🏾	breast_feeding_tone4	breast_feeding_tone4,breast_feeding_medium_dark_skin_tone
🤱🏿	breast_feeding_tone5	breast_feeding_tone5,breast_feeding_dark_skin_tone
👩‍🍼	woman_feeding_baby	woman_feeding_baby
👩🏻‍🍼	woman_feeding_baby_tone1	woman_feeding_baby_tone1,woman_feeding_baby_light_skin_tone
👩🏼‍🍼	woman_feeding_baby_tone2	woman_feeding_baby_tone2,woman_feeding_baby_medium_light_skin_tone
👩🏽‍🍼	woman_feeding_baby_tone3	woman_feeding_baby_tone3,woman_feeding_baby_medium_skin_tone
👩🏾‍🍼	woman_feeding_baby_tone4	woman_feeding_baby_tone4,woman_feeding_baby_medium_dark_skin_tone
👩🏿‍🍼	woman_feeding_baby_tone5	woman_feeding_baby_tone5,woman_feeding_baby_dark_skin_tone
👨‍🍼	man_feeding_baby	man_feeding_baby
👨🏻‍🍼	man_feeding_baby_tone1	man_feeding_baby_tone1,man_feeding_baby_light_skin_tone
👨🏼‍🍼	man_feeding_baby_tone2	man_feeding_baby_tone2,man_feeding_baby_medium_light_skin_tone
👨🏽‍🍼	man_feeding_baby_tone3	man_feeding_baby_tone3,man_feeding_baby_medium_skin_tone
👨🏾‍🍼	man_feeding_baby_tone4	man_feeding_baby_tone4,man_feeding_baby_medium_dark_skin_tone
👨🏿‍🍼	man_feeding_baby_tone5	man_feeding_baby_tone5,man_feeding_baby_dark_skin_tone
🧑‍🍼	person_feeding_baby	person_feeding_baby
🧑🏻‍🍼	person_feeding_baby_tone1	person_feeding_baby_tone1,person_feeding_baby_light_skin_tone
🧑🏼‍🍼	person_feeding_baby_tone2	person_feeding_baby_tone2,person_feeding_baby_medium_light_skin_tone
🧑🏽‍🍼	person_feeding_baby_tone3	person_feeding_baby_tone3,person_feeding_baby_medium_skin_tone
🧑🏾‍🍼	person_feeding_baby_tone4	person_feeding_baby_tone4,person_feeding_baby_medium_dark_skin_tone
🧑🏿‍🍼	person_feeding_baby_tone5	person_feeding_baby_tone5,person_feeding_baby_dark_skin_tone
👼	angel	angel,baby_angel
👼🏻	angel_tone1	angel_tone1
👼🏼	angel_tone2	angel_tone2
👼🏽	angel_tone3	angel_tone3
👼🏾	angel_tone4	angel_tone4
👼🏿	angel_tone5	angel_tone5
🎅	santa	santa,santa_claus
🎅🏻	santa_tone1	santa_tone1
🎅🏼	santa_tone2	santa_tone2
🎅🏽	santa_tone3	santa_tone3
🎅🏾	santa_tone4	santa_tone4
🎅🏿	santa_tone5	santa_tone5
🤶	mrs_claus	mrs_claus,mother_christmas
🤶🏻	mrs_claus_tone1	mrs_claus_tone1,mother_christmas_tone1
🤶🏼	mrs_claus_tone2	mrs_claus_tone2,mother_christmas_tone2
🤶🏽	mrs_claus_tone3	mrs_claus_tone3,mother_christmas_tone3
🤶🏾	mrs_claus_tone4	mrs_claus_tone4,mother_christmas_tone4
🤶🏿	mrs_claus_tone5	mrs_claus_tone5,mother_christmas_tone5
🧑‍🎄	mx_claus	mx_claus
🧑🏻‍🎄	mx_claus_tone1	mx_claus_tone1,mx_claus_light_skin_tone
🧑🏼‍🎄	mx_claus_tone2	mx_claus_tone2,mx_claus_medium_light_skin_tone
🧑🏽‍🎄	mx_claus_tone3	mx_claus_tone3,mx_claus_medium_skin_tone
🧑🏾‍🎄	mx_claus_tone4	mx_claus_tone4,mx_claus_medium_dark_skin_tone
🧑🏿‍🎄	mx_claus_tone5	mx_claus_tone5,mx_claus_dark_skin_tone
🦸	superhero	superhero
🦸🏻	superhero_tone1	superhero_tone1,superhero_light_skin_tone
🦸🏼	superhero_tone2	superhero_tone2,superhero_medium_light_skin_tone
🦸🏽	superhero_tone3	superhero_tone3,superhero_medium_skin_tone
🦸🏾	superhero_tone4	superhero_tone4,superhero_medium_dark_skin_tone
🦸🏿	superhero_tone5	superhero_tone5,superhero_dark_skin_tone
🦸‍♂️	man_superhero	man_superhero
🦸🏻‍♂️	man_superhero_tone1	man_superhero_tone1,man_superhero_light_skin_tone
🦸🏼‍♂️	man_superhero_tone2	man_superhero_tone2,man_superhero_medium_light_skin_tone
🦸🏽‍♂️	man_superhero_tone3	man_superhero_tone3,man_superhero_medium_skin_tone
🦸🏾‍♂️	man_superhero_tone4	man_superhero_tone4,man_superhero_medium_dark_skin_tone
🦸🏿‍♂️	man_superhero_tone5	man_superhero_tone5,man_superhero_dark_skin_tone
🦸‍♀️	woman_superhero	woman_superhero
🦸🏻‍♀️	woman_superhero_tone1	woman_superhero_tone1,woman_superhero_light_skin_tone
🦸🏼‍♀️	woman_superhero_tone2	woman_superhero_tone2,woman_superhero_medium_light_skin_tone
🦸🏽‍♀️	woman_superhero_tone3	woman_superhero_tone3,woman_superhero_medium_skin_tone
🦸🏾‍♀️	woman_superhero_tone4	woman_superhero_tone4,woman_superhero_medium_dark_skin_tone
🦸🏿‍♀️	woman_superhero_tone5	woman_superhero_tone5,woman_superhero_dark_skin_tone
🦹	supervillain	supervillain
🦹🏻	supervillain_tone1	supervillain_tone1,supervillain_light_skin_tone
🦹🏼	supervillain_tone2	supervillain_tone2,supervillain_medium_light_skin_tone
🦹🏽	supervillain_tone3	supervillain_tone3,supervillain_medium_skin_tone
🦹🏾	supervillain_tone4	supervillain_tone4,supervillain_medium_dark_skin_tone
🦹🏿	supervillain_tone5	supervillain_tone5,supervillain_dark_skin_tone
🦹‍♂️	man_supervillain	man_supervillain
🦹🏻‍♂️	man_supervillain_tone1	man_supervillain_tone1,man_supervillain_light_skin_tone
🦹🏼‍♂️	man_supervillain_tone2	man_supervillain_tone2,man_supervillain_medium_light_skin_tone
🦹🏽‍♂️	man_supervillain_tone3	man_supervillain_tone3,man_supervillain_medium_skin_tone
🦹🏾‍♂️	man_supervillain_tone4	man_supervillain_tone4,man_supervillain_medium_dark_skin_tone
🦹🏿‍♂️	man_supervillain_tone5	man_supervillain_tone5,man_supervillain_dark_skin_tone
🦹‍♀️	woman_supervillain	woman_supervillain
🦹🏻‍♀️	woman_supervillain_tone1	woman_supervillain_tone1,woman_supervillain_light_skin_tone
🦹🏼‍♀️	woman_supervillain_tone2	woman_supervillain_tone2,woman_supervillain_medium_light_skin_tone
🦹🏽‍♀️	woman_supervillain_tone3	woman_supervillain_tone3,woman_supervillain_medium_skin_tone
🦹🏾‍♀️	woman_supervillain_tone4	woman_supervillain_tone4,woman_supervillain_medium_dark_skin_tone
🦹🏿‍♀️	woman_supervillain_tone5	woman_supervillain_tone5,woman_supervillain_dark_skin_tone
🧙	mage	mage
🧙🏻	mage_tone1	mage_tone1,mage_light_skin_tone
🧙🏼	mage_tone2	mage_tone2,mage_medium_light_skin_tone
🧙🏽	mage_tone3	mage_tone3,mage_medium_skin_tone
🧙🏾	mage_tone4	mage_tone4,mage_medium_dark_skin_tone
🧙🏿	mage_tone5	mage_tone5,mage_dark_skin_tone
🧙‍♂️	man_mage	man_mage
🧙🏻‍♂️	man_mage_tone1	man_mage_tone1,man_mage_light_skin_tone
🧙🏼‍♂️	man_mage_tone2	man_mage_tone2,man_mage_medium_light_skin_tone
🧙🏽‍♂️	man_mage_tone3	man_mage_tone3,man_mage_medium_skin_tone
🧙🏾‍♂️	man_mage_tone4	man_mage_tone4,man_mage_medium_dark_skin_tone
🧙🏿‍♂️	man_mage_tone5	man_mage_tone5,man_mage_dark_skin_tone
🧙‍♀️	woman_mage	woman_mage
🧙🏻‍♀️	woman_mage_tone1	woman_mage_tone1,woman_mage_light_skin_tone
🧙🏼‍♀️	woman_mage_tone2	woman_mage_tone2,woman_mage_medium_light_skin_tone
🧙🏽‍♀️	woman_mage_tone3	woman_mage_tone3,woman_mage_medium_skin_tone
🧙🏾‍♀️	woman_mage_tone4	woman_mage_tone4,woman_mage_medium_dark_skin_tone
🧙🏿‍♀️	woman_mage_tone5	woman_mage_tone5,woman_mage_dark_skin_tone
🧚	fairy	fairy
🧚🏻	fairy_tone1	fairy_tone1,fairy_light_skin_tone
🧚🏼	fairy_tone2	fairy_tone2,fairy_medium_light_skin_tone
🧚🏽	fairy_tone3	fairy_tone3,fairy_medium_skin_tone
🧚🏾	fairy_tone4	fairy_tone4,fairy_medium_dark_skin_tone
🧚🏿	fairy_tone5	fairy_tone5,fairy_dark_skin_tone
🧚‍♂️	man_fairy	man_fairy
🧚🏻‍♂️	man_fairy_tone1	man_fairy_tone1,man_fairy_light_skin_tone
🧚🏼‍♂️	man_fairy_tone2	man_fairy_tone2,man_fairy_medium_light_skin_tone
🧚🏽‍♂️	man_fairy_tone3	man_fairy_tone3,man_fairy_medium_skin_tone
🧚🏾‍♂️	man_fairy_tone4	man_fairy_tone4,man_fairy_medium_dark_skin_tone
🧚🏿‍♂️	man_fairy_tone5	man_fairy_tone5,man_fairy_dark_skin_tone
🧚‍♀️	woman_fairy	woman_fairy
🧚🏻‍♀️	woman_fairy_tone1	woman_fairy_tone1,woman_fairy_light_skin_tone
🧚🏼‍♀️	woman_fairy_tone2	woman_fairy_tone2,woman_fairy_medium_light_skin_tone
🧚🏽‍♀️	woman_fairy_tone3	woman_fairy_tone3,woman_fairy_medium_skin_tone
🧚🏾‍♀️	woman_fairy_tone4	woman_fairy_tone4,woman_fairy_medium_dark_skin_tone
🧚🏿‍♀️	woman_fairy_tone5	woman_fairy_tone5,woman_fairy_dark_skin_tone
🧛	vampire	vampire
🧛🏻	vampire_tone1	vampire_tone1,vampire_light_skin_tone
🧛🏼	vampire_tone2	vampire_tone2,vampire_medium_light_skin_tone
🧛🏽	vampire_tone3	vampire_tone3,vampire_medium_skin_tone
🧛🏾	vampire_tone4	vampire_tone4,vampire_medium_dark_skin_tone
🧛🏿	vampire_tone5	vampire_tone5,vampire_dark_skin_tone
🧛‍♂️	man_vampire	man_vampire
🧛🏻‍♂️	man_vampire_tone1	man_vampire_tone1,man_vampire_light_skin_tone
🧛🏼‍♂️	man_vampire_tone2	man_vampire_tone2,man_vampire_medium_light_skin_tone
🧛🏽‍♂️	man_vampire_tone3	man_vampire_tone3,man_vampire_medium_skin_tone
🧛🏾‍♂️	man_vampire_tone4	man_vampire_tone4,man_vampire_medium_dark_skin_tone
🧛🏿‍♂️	man_vampire_tone5	man_vampire_tone5,man_vampire_dark_skin_tone
🧛‍♀️	woman_vampire	woman_vampire
🧛🏻‍♀️	woman_vampire_tone1	woman_vampire_tone1,woman_vampire_light_skin_tone
🧛🏼‍♀️	woman_vampire_tone2	woman_vampire_tone2,woman_vampire_medium_light_skin_tone
🧛🏽‍♀️	woman_vampire_tone3	woman_vampire_tone3,woman_vampire_medium_skin_tone
🧛🏾‍♀️	woman_vampire_tone4	woman_vampire_tone4,woman_vampire_medium_dark_skin_tone
🧛🏿‍♀️	woman_vampire_tone5	woman_vampire_tone5,woman_vampire_dark_skin_tone
🧜	merperson	merperson
🧜🏻	merperson_tone1	merperson_tone1,merperson_light_skin_tone
🧜🏼	merperson_tone2	merperson_tone2,merperson_medium_light_skin_tone
🧜🏽	merperson_tone3	merperson_tone3,merperson_medium_skin_tone
🧜🏾	merperson_tone4	merperson_tone4,merperson_medium_dark_skin_tone
🧜🏿	merperson_tone5	merperson_tone5,merperson_dark_skin_tone
🧜‍♂️	merman	merman
🧜🏻‍♂️	merman_tone1	merman_tone1,merman_light_skin_tone
🧜🏼‍♂️	merman_tone2	merman_tone2,merman_medium_light_skin_tone
🧜🏽‍♂️	merman_tone3	merman_tone3,merman_medium_skin_tone
🧜🏾‍♂️	merman_tone4	merman_tone4,merman_medium_dark_skin_tone
🧜🏿‍♂️	merman_tone5	merman_tone5,merman_dark_skin_tone
🧜‍♀️	mermaid	mermaid
🧜🏻‍♀️	mermaid_tone1	mermaid_tone1,mermaid_light_skin_tone
🧜🏼‍♀️	mermaid_tone2	mermaid_tone2,mermaid_medium_light_skin_tone
🧜🏽‍♀️	mermaid_tone3	mermaid_tone3,mermaid_medium_skin_tone
🧜🏾‍♀️	mermaid_tone4	mermaid_tone4,mermaid_medium_dark_skin_tone
🧜🏿‍♀️	mermaid_tone5	mermaid_tone5,mermaid_dark_skin_tone
🧝	elf	elf
🧝🏻	elf_tone1	elf_tone1,elf_light_skin_tone
🧝🏼	elf_tone2	elf_tone2,elf_medium_light_skin_tone
🧝🏽	elf_tone3	elf_tone3,elf_medium_skin_tone
🧝🏾	elf_tone4	elf_tone4,elf_medium_dark_skin_tone
🧝🏿	elf_tone5	elf_tone5,elf_dark_skin_tone
🧝‍♂️	man_elf	man_elf
🧝🏻‍♂️	man_elf_tone1	man_elf_tone1,man_elf_light_skin_tone
🧝🏼‍♂️	man_elf_tone2	man_elf_tone2,man_elf_medium_light_skin_tone
🧝🏽‍♂️	man_elf_tone3	man_elf_tone3,man_elf_medium_skin_tone
🧝🏾‍♂️	man_elf_tone4	man_elf_tone4,man_elf_medium_dark_skin_tone
🧝🏿‍♂️	man_elf_tone5	man_elf_tone5,man_elf_dark_skin_tone
🧝‍♀️	woman_elf	woman_elf
🧝🏻‍♀️	woman_elf_tone1	woman_elf_tone1,woman_elf_light_skin_tone
🧝🏼‍♀️	woman_elf_tone2	woman_elf_tone2,woman_elf_medium_light_skin_tone
🧝🏽‍♀️	woman_elf_tone3	woman_elf_tone3,woman_elf_medium_skin_tone
🧝🏾‍♀️	woman_elf_tone4	woman_elf_tone4,woman_elf_medium_dark_skin_tone
🧝🏿‍♀️	woman_elf_tone5	woman_elf_tone5,woman_elf_dark_skin_tone
🧞	genie	genie
🧞‍♂️	man_genie	man_genie
🧞‍♀️	woman_genie	woman_genie
🧟	zombie	zombie
🧟‍♂️	man_zombie	man_zombie
🧟‍♀️	woman_zombie	woman_zombie
🧌	troll	troll
🫈	hairy_creature	hairy_creature
💆	person_getting_massage	person_getting_massage,massage
💆🏻	person_getting_massage_tone1	person_getting_massage_tone1,massage_tone1
💆🏼	person_getting_massage_tone2	person_getting_massage_tone2,massage_tone2
💆🏽	person_getting_massage_tone3	person_getting_massage_tone3,massage_tone3
💆🏾	person_getting_massage_tone4	person_getting_massage_tone4,massage_tone4
💆🏿	person_getting_massage_tone5	person_getting_massage_tone5,massage_tone5
💆‍♂️	man_getting_face_massage	man_getting_face_massage
💆🏻‍♂️	man_getting_face_massage_tone1	man_getting_face_massage_tone1,man_getting_face_massage_light_skin_tone
💆🏼‍♂️	man_getting_face_massage_tone2	man_getting_face_massage_tone2,man_getting_face_massage_medium_light_skin_tone
💆🏽‍♂️	man_getting_face_massage_tone3	man_getting_face_massage_tone3,man_getting_face_massage_medium_skin_tone
💆🏾‍♂️	man_getting_face_massage_tone4	man_getting_face_massage_tone4,man_getting_face_massage_medium_dark_skin_tone
💆🏿‍♂️	man_getting_face_massage_tone5	man_getting_face_massage_tone5,man_getting_face_massage_dark_skin_tone
💆‍♀️	woman_getting_face_massage	woman_getting_face_massage
💆🏻‍♀️	woman_getting_face_massage_tone1	woman_getting_face_massage_tone1,woman_getting_face_massage_light_skin_tone
💆🏼‍♀️	woman_getting_face_massage_tone2	woman_getting_face_massage_tone2,woman_getting_face_massage_medium_light_skin_tone
💆🏽‍♀️	woman_getting_face_massage_tone3	woman_getting_face_massage_tone3,woman_getting_face_massage_medium_skin_tone
💆🏾‍♀️	woman_getting_face_massage_tone4	woman_getting_face_massage_tone4,woman_getting_face_massage_medium_dark_skin_tone
💆🏿‍♀️	woman_getting_face_massage_tone5	woman_getting_face_massage_tone5,woman_getting_face_massage_dark_skin_tone
💇	person_getting_haircut	person_getting_haircut,haircut
💇🏻	person_getting_haircut_tone1	person_getting_haircut_tone1,haircut_tone1
💇🏼	person_getting_haircut_tone2	person_getting_haircut_tone2,haircut_tone2
💇🏽	person_getting_haircut_tone3	person_getting_haircut_tone3,haircut_tone3
💇🏾	person_getting_haircut_tone4	person_getting_haircut_tone4,haircut_tone4
💇🏿	person_getting_haircut_tone5	person_getting_haircut_tone5,haircut_tone5
💇‍♂️	man_getting_haircut	man_getting_haircut
💇🏻‍♂️	man_getting_haircut_tone1	man_getting_haircut_tone1,man_getting_haircut_light_skin_tone
💇🏼‍♂️	man_getting_haircut_tone2	man_getting_haircut_tone2,man_getting_haircut_medium_light_skin_tone
💇🏽‍♂️	man_getting_haircut_tone3	man_getting_haircut_tone3,man_getting_haircut_medium_skin_tone
💇🏾‍♂️	man_getting_haircut_tone4	man_getting_haircut_tone4,man_getting_haircut_medium_dark_skin_tone
💇🏿‍♂️	man_getting_haircut_tone5	man_getting_haircut_tone5,man_getting_haircut_dark_skin_tone
💇‍♀️	woman_getting_haircut	woman_getting_haircut
💇🏻‍♀️	woman_getting_haircut_tone1	woman_getting_haircut_tone1,woman_getting_haircut_light_skin_tone
💇🏼‍♀️	woman_getting_haircut_tone2	woman_getting_haircut_tone2,woman_getting_haircut_medium_light_skin_tone
💇🏽‍♀️	woman_getting_haircut_tone3	woman_getting_haircut_tone3,woman_getting_haircut_medium_skin_tone
💇🏾‍♀️	woman_getting_haircut_tone4	woman_getting_haircut_tone4,woman_getting_haircut_medium_dark_skin_tone
💇🏿‍♀️	woman_getting_haircut_tone5	woman_getting_haircut_tone5,woman_getting_haircut_dark_skin_tone
🚶	person_walking	person_walking,walking
🚶🏻	person_walking_tone1	person_walking_tone1,walking_tone1
🚶🏼	person_walking_tone2	person_walking_tone2,walking_tone2
🚶🏽	person_walking_tone3	person_walking_tone3,walking_tone3
🚶🏾	person_walking_tone4	person_walking_tone4,walking_tone4
🚶🏿	person_walking_tone5	person_walking_tone5,walking_tone5
🚶‍♂️	man_walking	man_walking
🚶🏻‍♂️	man_walking_tone1	man_walking_tone1,man_walking_light_skin_tone
🚶🏼‍♂️	man_walking_tone2	man_walking_tone2,man_walking_medium_light_skin_tone
🚶🏽‍♂️	man_walking_tone3	man_walking_tone3,man_walking_medium_skin_tone
🚶🏾‍♂️	man_walking_tone4	man_walking_tone4,man_walking_medium_dark_skin_tone
🚶🏿‍♂️	man_walking_tone5	man_walking_tone5,man_walking_dark_skin_tone
🚶‍♀️	woman_walking	woman_walking
🚶🏻‍♀️	woman_walking_tone1	woman_walking_tone1,woman_walking_light_skin_tone
🚶🏼‍♀️	woman_walking_tone2	woman_walking_tone2,woman_walking_medium_light_skin_tone
🚶🏽‍♀️	woman_walking_tone3	woman_walking_tone3,woman_walking_medium_skin_tone
🚶🏾‍♀️	woman_walking_tone4	woman_walking_tone4,woman_walking_medium_dark_skin_tone
🚶🏿‍♀️	woman_walking_tone5	woman_walking_tone5,woman_walking_dark_skin_tone
🚶‍➡️	person_walking_facing_right	person_walking_facing_right
🚶🏻‍➡️	person_walking_facing_right_tone1	person_walking_facing_right_tone1,person_walking_facing_right_light_skin_tone
🚶🏼‍➡️	person_walking_facing_right_tone2	person_walking_facing_right_tone2,person_walking_facing_right_medium_light_skin_tone
🚶🏽‍➡️	person_walking_facing_right_tone3	person_walking_facing_right_tone3,person_walking_facing_right_medium_skin_tone
🚶🏾‍➡️	person_walking_facing_right_tone4	person_walking_facing_right_tone4,person_walking_facing_right_medium_dark_skin_tone
🚶🏿‍➡️	person_walking_facing_right_tone5	person_walking_facing_right_tone5,person_walking_facing_right_dark_skin_tone
🚶‍♀️‍➡️	woman_walking_facing_right	woman_walking_facing_right
🚶🏻‍♀️‍➡️	woman_walking_facing_right_tone1	woman_walking_facing_right_tone1,woman_walking_facing_right_light_skin_tone
🚶🏼‍♀️‍➡️	woman_walking_facing_right_tone2	woman_walking_facing_right_tone2,woman_walking_facing_right_medium_light_skin_tone
🚶🏽‍♀️‍➡️	woman_walking_facing_right_tone3	woman_walking_facing_right_tone3,woman_walking_facing_right_medium_skin_tone
🚶🏾‍♀️‍➡️	woman_walking_facing_right_tone4	woman_walking_facing_right_tone4,woman_walking_facing_right_medium_dark_skin_tone
🚶🏿‍♀️‍➡️	woman_walking_facing_right_tone5	woman_walking_facing_right_tone5,woman_walking_facing_right_dark_skin_tone
🚶‍♂️‍➡️	man_walking_facing_right	man_walking_facing_right
🚶🏻‍♂️‍➡️	man_walking_facing_right_tone1	man_walking_facing_right_tone1,man_walking_facing_right_light_skin_tone
🚶🏼‍♂️‍➡️	man_walking_facing_right_tone2	man_walking_facing_right_tone2,man_walking_facing_right_medium_light_skin_tone
🚶🏽‍♂️‍➡️	man_walking_facing_right_tone3	man_walking_facing_right_tone3,man_walking_facing_right_medium_skin_tone
🚶🏾‍♂️‍➡️	man_walking_facing_right_tone4	man_walking_facing_right_tone4,man_walking_facing_right_medium_dark_skin_tone
🚶🏿‍♂️‍➡️	man_walking_facing_right_tone5	man_walking_facing_right_tone5,man_walking_facing_right_dark_skin_tone
🧍	person_standing	person_standing
🧍🏻	person_standing_tone1	person_standing_tone1,person_standing_light_skin_tone
🧍🏼	person_standing_tone2	person_standing_tone2,person_standing_medium_light_skin_tone
🧍🏽	person_standing_tone3	person_standing_tone3,person_standing_medium_skin_tone
🧍🏾	person_standing_tone4	person_standing_tone4,person_standing_medium_dark_skin_tone
🧍🏿	person_standing_tone5	person_standing_tone5,person_standing_dark_skin_tone
🧍‍♂️	man_standing	man_standing
🧍🏻‍♂️	man_standing_tone1	man_standing_tone1,man_standing_light_skin_tone
🧍🏼‍♂️	man_standing_tone2	man_standing_tone2,man_standing_medium_light_skin_tone
🧍🏽‍♂️	man_standing_tone3	man_standing_tone3,man_standing_medium_skin_tone
🧍🏾‍♂️	man_standing_tone4	man_standing_tone4,man_standing_medium_dark_skin_tone
🧍🏿‍♂️	man_standing_tone5	man_standing_tone5,man_standing_dark_skin_tone
🧍‍♀️	woman_standing	woman_standing
🧍🏻‍♀️	woman_standing_tone1	woman_standing_tone1,woman_standing_light_skin_tone
🧍🏼‍♀️	woman_standing_tone2	woman_standing_tone2,woman_standing_medium_light_skin_tone
🧍🏽‍♀️	woman_standing_tone3	woman_standing_tone3,woman_standing_medium_skin_tone
🧍🏾‍♀️	woman_standing_tone4	woman_standing_tone4,woman_standing_medium_dark_skin_tone
🧍🏿‍♀️	woman_standing_tone5	woman_standing_tone5,woman_standing_dark_skin_tone
🧎	person_kneeling	person_kneeling
🧎🏻	person_kneeling_tone1	person_kneeling_tone1,person_kneeling_light_skin_tone
🧎🏼	person_kneeling_tone2	person_kneeling_tone2,person_kneeling_medium_light_skin_tone
🧎🏽	person_kneeling_tone3	person_kneeling_tone3,person_kneeling_medium_skin_tone
🧎🏾	person_kneeling_tone4	person_kneeling_tone4,person_kneeling_medium_dark_skin_tone
🧎🏿	person_kneeling_tone5	person_kneeling_tone5,person_kneeling_dark_skin_tone
🧎‍♂️	man_kneeling	man_kneeling
🧎🏻‍♂️	man_kneeling_tone1	man_kneeling_tone1,man_kneeling_light_skin_tone
🧎🏼‍♂️	man_kneeling_tone2	man_kneeling_tone2,man_kneeling_medium_light_skin_tone
🧎🏽‍♂️	man_kneeling_tone3	man_kneeling_tone3,man_kneeling_medium_skin_tone
🧎🏾‍♂️	man_kneeling_tone4	man_kneeling_tone4,man_kneeling_medium_dark_skin_tone
🧎🏿‍♂️	man_kneeling_tone5	man_kneeling_tone5,man_kneeling_dark_skin_tone
🧎‍♀️	woman_kneeling	woman_kneeling
🧎🏻‍♀️	woman_kneeling_tone1	woman_kneeling_tone1,woman_kneeling_light_skin_tone
🧎🏼‍♀️	woman_kneeling_tone2	woman_kneeling_tone2,woman_kneeling_medium_light_skin_tone
🧎🏽‍♀️	woman_kneeling_tone3	woman_kneeling_tone3,woman_kneeling_medium_skin_tone
🧎🏾‍♀️	woman_kneeling_tone4	woman_kneeling_tone4,woman_kneeling_medium_dark_skin_tone
🧎🏿‍♀️	woman_kneeling_tone5	woman_kneeling_tone5,woman_kneeling_dark_skin_tone
🧎‍➡️	person_kneeling_facing_right	person_kneeling_facing_right
🧎🏻‍➡️	person_kneeling_facing_right_tone1	person_kneeling_facing_right_tone1,person_kneeling_facing_right_light_skin_tone
🧎🏼‍➡️	person_kneeling_facing_right_tone2	person_kneeling_facing_right_tone2,person_kneeling_facing_right_medium_light_skin_tone
🧎🏽‍➡️	person_kneeling_facing_right_tone3	person_kneeling_facing_right_tone3,person_kneeling_facing_right_medium_skin_tone
🧎🏾‍➡️	person_kneeling_facing_right_tone4	person_kneeling_facing_right_tone4,person_kneeling_facing_right_medium_dark_skin_tone
🧎🏿‍➡️	person_kneeling_facing_right_tone5	person_kneeling_facing_right_tone5,person_kneeling_facing_right_dark_skin_tone
🧎‍♀️‍➡️	woman_kneeling_facing_right	woman_kneeling_facing_right
🧎🏻‍♀️‍➡️	woman_kneeling_facing_right_tone1	woman_kneeling_facing_right_tone1,woman_kneeling_facing_right_light_skin_tone
🧎🏼‍♀️‍➡️	woman_kneeling_facing_right_tone2	woman_kneeling_facing_right_tone2,woman_kneeling_facing_right_medium_light_skin_tone
🧎🏽‍♀️‍➡️	woman_kneeling_facing_right_tone3	woman_kneeling_facing_right_tone3,woman_kneeling_facing_right_medium_skin_tone
🧎🏾‍♀️‍➡️	woman_kneeling_facing_right_tone4	woman_kneeling_facing_right_tone4,woman_kneeling_facing_right_medium_dark_skin_tone
🧎🏿‍♀️‍➡️	woman_kneeling_facing_right_tone5	woman_kneeling_facing_right_tone5,woman_kneeling_facing_right_dark_skin_tone
🧎‍♂️‍➡️	man_kneeling_facing_right	man_kneeling_facing_right
🧎🏻‍♂️‍➡️	man_kneeling_facing_right_tone1	man_kneeling_facing_right_tone1,man_kneeling_facing_right_light_skin_tone
🧎🏼‍♂️‍➡️	man_kneeling_facing_right_tone2	man_kneeling_facing_right_tone2,man_kneeling_facing_right_medium_light_skin_tone
🧎🏽‍♂️‍➡️	man_kneeling_facing_right_tone3	man_kneeling_facing_right_tone3,man_kneeling_facing_right_medium_skin_tone
🧎🏾‍♂️‍➡️	man_kneeling_facing_right_tone4	man_kneeling_facing_right_tone4,man_kneeling_facing_right_medium_dark_skin_tone
🧎🏿‍♂️‍➡️	man_kneeling_facing_right_tone5	man_kneeling_facing_right_tone5,man_kneeling_facing_right_dark_skin_tone
🧑‍🦯	person_with_probing_cane	person_with_probing_cane
🧑🏻‍🦯	person_with_probing_cane_tone1	person_with_probing_cane_tone1,person_with_probing_cane_light_skin_tone
🧑🏼‍🦯	person_with_probing_cane_tone2	person_with_probing_cane_tone2,person_with_probing_cane_medium_light_skin_tone
🧑🏽‍🦯	person_with_probing_cane_tone3	person_with_probing_cane_tone3,person_with_probing_cane_medium_skin_tone
🧑🏾‍🦯	person_with_probing_cane_tone4	person_with_probing_cane_tone4,person_with_probing_cane_medium_dark_skin_tone
🧑🏿‍🦯	person_with_probing_cane_tone5	person_with_probing_cane_tone5,person_with_probing_cane_dark_skin_tone
🧑‍🦯‍➡️	person_with_white_cane_facing_right	person_with_white_cane_facing_right
🧑🏻‍🦯‍➡️	person_with_white_cane_facing_right_tone1	person_with_white_cane_facing_right_tone1,person_with_white_cane_facing_right_light_skin_tone
🧑🏼‍🦯‍➡️	person_with_white_cane_facing_right_tone2	person_with_white_cane_facing_right_tone2,person_with_white_cane_facing_right_medium_light_skin_tone
🧑🏽‍🦯‍➡️	person_with_white_cane_facing_right_tone3	person_with_white_cane_facing_right_tone3,person_with_white_cane_facing_right_medium_skin_tone
🧑🏾‍🦯‍➡️	person_with_white_cane_facing_right_tone4	person_with_white_cane_facing_right_tone4,person_with_white_cane_facing_right_medium_dark_skin_tone
🧑🏿‍🦯‍➡️	person_with_white_cane_facing_right_tone5	person_with_white_cane_facing_right_tone5,person_with_white_cane_facing_right_dark_skin_tone
👨‍🦯	man_with_probing_cane	man_with_probing_cane
👨🏻‍🦯	man_with_probing_cane_tone1	man_with_probing_cane_tone1,man_with_probing_cane_light_skin_tone
👨🏼‍🦯	man_with_probing_cane_tone2	man_with_probing_cane_tone2,man_with_probing_cane_medium_light_skin_tone
👨🏽‍🦯	man_with_probing_cane_tone3	man_with_probing_cane_tone3,man_with_probing_cane_medium_skin_tone
👨🏾‍🦯	man_with_probing_cane_tone4	man_with_probing_cane_tone4,man_with_probing_cane_medium_dark_skin_tone
👨🏿‍🦯	man_with_probing_cane_tone5	man_with_probing_cane_tone5,man_with_probing_cane_dark_skin_tone
👨‍🦯‍➡️	man_with_white_cane_facing_right	man_with_white_cane_facing_right
👨🏻‍🦯‍➡️	man_with_white_cane_facing_right_tone1	man_with_white_cane_facing_right_tone1,man_with_white_cane_facing_right_light_skin_tone
👨🏼‍🦯‍➡️	man_with_white_cane_facing_right_tone2	man_with_white_cane_facing_right_tone2,man_with_white_cane_facing_right_medium_light_skin_tone
👨🏽‍🦯‍➡️	man_with_white_cane_facing_right_tone3	man_with_white_cane_facing_right_tone3,man_with_white_cane_facing_right_medium_skin_tone
👨🏾‍🦯‍➡️	man_with_white_cane_facing_right_tone4	man_with_white_cane_facing_right_tone4,man_with_white_cane_facing_right_medium_dark_skin_tone
👨🏿‍🦯‍➡️	man_with_white_cane_facing_right_tone5	man_with_white_cane_facing_right_tone5,man_with_white_cane_facing_right_dark_skin_tone
👩‍🦯	woman_with_probing_cane	woman_with_probing_cane
👩🏻‍🦯	woman_with_probing_cane_tone1	woman_with_probing_cane_tone1,woman_with_probing_cane_light_skin_tone
👩🏼‍🦯	woman_with_probing_cane_tone2	woman_with_probing_cane_tone2,woman_with_probing_cane_medium_light_skin_tone
👩🏽‍🦯	woman_with_probing_cane_tone3	woman_with_probing_cane_tone3,woman_with_probing_cane_medium_skin_tone
👩🏾‍🦯	woman_with_probing_cane_tone4	woman_with_probing_cane_tone4,woman_with_probing_cane_medium_dark_skin_tone
👩🏿‍🦯	woman_with_probing_cane_tone5	woman_with_probing_cane_tone5,woman_with_probing_cane_dark_skin_tone
👩‍🦯‍➡️	woman_with_white_cane_facing_right	woman_with_white_cane_facing_right
👩🏻‍🦯‍➡️	woman_with_white_cane_facing_right_tone1	woman_with_white_cane_facing_right_tone1,woman_with_white_cane_facing_right_light_skin_tone
👩🏼‍🦯‍➡️	woman_with_white_cane_facing_right_tone2	woman_with_white_cane_facing_right_tone2,woman_with_white_cane_facing_right_medium_light_skin_tone
👩🏽‍🦯‍➡️	woman_with_white_cane_facing_right_tone3	woman_with_white_cane_facing_right_tone3,woman_with_white_cane_facing_right_medium_skin_tone
👩🏾‍🦯‍➡️	woman_with_white_cane_facing_right_tone4	woman_with_white_cane_facing_right_tone4,woman_with_white_cane_facing_right_medium_dark_skin_tone
👩🏿‍🦯‍➡️	woman_with_white_cane_facing_right_tone5	woman_with_white_cane_facing_right_tone5,woman_with_white_cane_facing_right_dark_skin_tone
🧑‍🦼	person_in_motorized_wheelchair	person_in_motorized_wheelchair
🧑🏻‍🦼	person_in_motorized_wheelchair_tone1	person_in_motorized_wheelchair_tone1,person_in_motorized_wheelchair_light_skin_tone
🧑🏼‍🦼	person_in_motorized_wheelchair_tone2	person_in_motorized_wheelchair_tone2,person_in_motorized_wheelchair_medium_light_skin_tone
🧑🏽‍🦼	person_in_motorized_wheelchair_tone3	person_in_motorized_wheelchair_tone3,person_in_motorized_wheelchair_medium_skin_tone
🧑🏾‍🦼	person_in_motorized_wheelchair_tone4	person_in_motorized_wheelchair_tone4,person_in_motorized_wheelchair_medium_dark_skin_tone
🧑🏿‍🦼	person_in_motorized_wheelchair_tone5	person_in_motorized_wheelchair_tone5,person_in_motorized_wheelchair_dark_skin_tone
🧑‍🦼‍➡️	person_in_motorized_wheelchair_facing_right	person_in_motorized_wheelchair_facing_right
🧑🏻‍🦼‍➡️	person_in_motorized_wheelchair_facing_right_tone1	person_in_motorized_wheelchair_facing_right_tone1,person_in_motorized_wheelchair_facing_right_light_skin_tone
🧑🏼‍🦼‍➡️	person_in_motorized_wheelchair_facing_right_tone2	person_in_motorized_wheelchair_facing_right_tone2,person_in_motorized_wheelchair_facing_right_medium_light_skin_tone
🧑🏽‍🦼‍➡️	person_in_motorized_wheelchair_facing_right_tone3	person_in_motorized_wheelchair_facing_right_tone3,person_in_motorized_wheelchair_facing_right_medium_skin_tone
🧑🏾‍🦼‍➡️	person_in_motorized_wheelchair_facing_right_tone4	person_in_motorized_wheelchair_facing_right_tone4,person_in_motorized_wheelchair_facing_right_medium_dark_skin_tone
🧑🏿‍🦼‍➡️	person_in_motorized_wheelchair_facing_right_tone5	person_in_motorized_wheelchair_facing_right_tone5,person_in_motorized_wheelchair_facing_right_dark_skin_tone
👨‍🦼	man_in_motorized_wheelchair	man_in_motorized_wheelchair
👨🏻‍🦼	man_in_motorized_wheelchair_tone1	man_in_motorized_wheelchair_tone1,man_in_motorized_wheelchair_light_skin_tone
👨🏼‍🦼	man_in_motorized_wheelchair_tone2	man_in_motorized_wheelchair_tone2,man_in_motorized_wheelchair_medium_light_skin_tone
👨🏽‍🦼	man_in_motorized_wheelchair_tone3	man_in_motorized_wheelchair_tone3,man_in_motorized_wheelchair_medium_skin_tone
👨🏾‍🦼	man_in_motorized_wheelchair_tone4	man_in_motorized_wheelchair_tone4,man_in_motorized_wheelchair_medium_dark_skin_tone
👨🏿‍🦼	man_in_motorized_wheelchair_tone5	man_in_motorized_wheelchair_tone5,man_in_motorized_wheelchair_dark_skin_tone
👨‍🦼‍➡️	man_in_motorized_wheelchair_facing_right	man_in_motorized_wheelchair_facing_right
👨🏻‍🦼‍➡️	man_in_motorized_wheelchair_facing_right_tone1	man_in_motorized_wheelchair_facing_right_tone1,man_in_motorized_wheelchair_facing_right_light_skin_tone
👨🏼‍🦼‍➡️	man_in_motorized_wheelchair_facing_right_tone2	man_in_motorized_wheelchair_facing_right_tone2,man_in_motorized_wheelchair_facing_right_medium_light_skin_tone
👨🏽‍🦼‍➡️	man_in_motorized_wheelchair_facing_right_tone3	man_in_motorized_wheelchair_facing_right_tone3,man_in_motorized_wheelchair_facing_right_medium_skin_tone
👨🏾‍🦼‍➡️	man_in_motorized_wheelchair_facing_right_tone4	man_in_motorized_wheelchair_facing_right_tone4,man_in_motorized_wheelchair_facing_right_medium_dark_skin_tone
👨🏿‍🦼‍➡️	man_in_motorized_wheelchair_facing_right_tone5	man_in_motorized_wheelchair_facing_right_tone5,man_in_motorized_wheelchair_facing_right_dark_skin_tone
👩‍🦼	woman_in_motorized_wheelchair	woman_in_motorized_wheelchair
👩🏻‍🦼	woman_in_motorized_wheelchair_tone1	woman_in_motorized_wheelchair_tone1,woman_in_motorized_wheelchair_light_skin_tone
👩🏼‍🦼	woman_in_motorized_wheelchair_tone2	woman_in_motorized_wheelchair_tone2,woman_in_motorized_wheelchair_medium_light_skin_tone
👩🏽‍🦼	woman_in_motorized_wheelchair_tone3	woman_in_motorized_wheelchair_tone3,woman_in_motorized_wheelchair_medium_skin_tone
👩🏾‍🦼	woman_in_motorized_wheelchair_tone4	woman_in_motorized_wheelchair_tone4,woman_in_motorized_wheelchair_medium_dark_skin_tone
👩🏿‍🦼	woman_in_motorized_wheelchair_tone5	woman_in_motorized_wheelchair_tone5,woman_in_motorized_wheelchair_dark_skin_tone
👩‍🦼‍➡️	woman_in_motorized_wheelchair_facing_right	woman_in_motorized_wheelchair_facing_right
👩🏻‍🦼‍➡️	woman_in_motorized_wheelchair_facing_right_tone1	woman_in_motorized_wheelchair_facing_right_tone1,woman_in_motorized_wheelchair_facing_right_light_skin_tone
👩🏼‍🦼‍➡️	woman_in_motorized_wheelchair_facing_right_tone2	woman_in_motorized_wheelchair_facing_right_tone2,woman_in_motorized_wheelchair_facing_right_medium_light_skin_tone
👩🏽‍🦼‍➡️	woman_in_motorized_wheelchair_facing_right_tone3	woman_in_motorized_wheelchair_facing_right_tone3,woman_in_motorized_wheelchair_facing_right_medium_skin_tone
👩🏾‍🦼‍➡️	woman_in_motorized_wheelchair_facing_right_tone4	woman_in_motorized_wheelchair_facing_right_tone4,woman_in_motorized_wheelchair_facing_right_medium_dark_skin_tone
👩🏿‍🦼‍➡️	woman_in_motorized_wheelchair_facing_right_tone5	woman_in_motorized_wheelchair_facing_right_tone5,woman_in_motorized_wheelchair_facing_right_dark_skin_tone
🧑‍🦽	person_in_manual_wheelchair	person_in_manual_wheelchair
🧑🏻‍🦽	person_in_manual_wheelchair_tone1	person_in_manual_wheelchair_tone1,person_in_manual_wheelchair_light_skin_tone
🧑🏼‍🦽	person_in_manual_wheelchair_tone2	person_in_manual_wheelchair_tone2,person_in_manual_wheelchair_medium_light_skin_tone
🧑🏽‍🦽	person_in_manual_wheelchair_tone3	person_in_manual_wheelchair_tone3,person_in_manual_wheelchair_medium_skin_tone
🧑🏾‍🦽	person_in_manual_wheelchair_tone4	person_in_manual_wheelchair_tone4,person_in_manual_wheelchair_medium_dark_skin_tone
🧑🏿‍🦽	person_in_manual_wheelchair_tone5	person_in_manual_wheelchair_tone5,person_in_manual_wheelchair_dark_skin_tone
🧑‍🦽‍➡️	person_in_manual_wheelchair_facing_right	person_in_manual_wheelchair_facing_right
🧑🏻‍🦽‍➡️	person_in_manual_wheelchair_facing_right_tone1	person_in_manual_wheelchair_facing_right_tone1,person_in_manual_wheelchair_facing_right_light_skin_tone
🧑🏼‍🦽‍➡️	person_in_manual_wheelchair_facing_right_tone2	person_in_manual_wheelchair_facing_right_tone2,person_in_manual_wheelchair_facing_right_medium_light_skin_tone
🧑🏽‍🦽‍➡️	person_in_manual_wheelchair_facing_right_tone3	person_in_manual_wheelchair_facing_right_tone3,person_in_manual_wheelchair_facing_right_medium_skin_tone
🧑🏾‍🦽‍➡️	person_in_manual_wheelchair_facing_right_tone4	person_in_manual_wheelchair_facing_right_tone4,person_in_manual_wheelchair_facing_right_medium_dark_skin_tone
🧑🏿‍🦽‍➡️	person_in_manual_wheelchair_facing_right_tone5	person_in_manual_wheelchair_facing_right_tone5,person_in_manual_wheelchair_facing_right_dark_skin_tone
👨‍🦽	man_in_manual_wheelchair	man_in_manual_wheelchair
👨🏻‍🦽	man_in_manual_wheelchair_tone1	man_in_manual_wheelchair_tone1,man_in_manual_wheelchair_light_skin_tone
👨🏼‍🦽	man_in_manual_wheelchair_tone2	man_in_manual_wheelchair_tone2,man_in_manual_wheelchair_medium_light_skin_tone
👨🏽‍🦽	man_in_manual_wheelchair_tone3	man_in_manual_wheelchair_tone3,man_in_manual_wheelchair_medium_skin_tone
👨🏾‍🦽	man_in_manual_wheelchair_tone4	man_in_manual_wheelchair_tone4,man_in_manual_wheelchair_medium_dark_skin_tone
👨🏿‍🦽	man_in_manual_wheelchair_tone5	man_in_manual_wheelchair_tone5,man_in_manual_wheelchair_dark_skin_tone
👨‍🦽‍➡️	man_in_manual_wheelchair_facing_right	man_in_manual_wheelchair_facing_right
👨🏻‍🦽‍➡️	man_in_manual_wheelchair_facing_right_tone1	man_in_manual_wheelchair_facing_right_tone1,man_in_manual_wheelchair_facing_right_light_skin_tone
👨🏼‍🦽‍➡️	man_in_manual_wheelchair_facing_right_tone2	man_in_manual_wheelchair_facing_right_tone2,man_in_manual_wheelchair_facing_right_medium_light_skin_tone
👨🏽‍🦽‍➡️	man_in_manual_wheelchair_facing_right_tone3	man_in_manual_wheelchair_facing_right_tone3,man_in_manual_wheelchair_facing_right_medium_skin_tone
👨🏾‍🦽‍➡️	man_in_manual_wheelchair_facing_right_tone4	man_in_manual_wheelchair_facing_right_tone4,man_in_manual_wheelchair_facing_right_medium_dark_skin_tone
👨🏿‍🦽‍➡️	man_in_manual_wheelchair_facing_right_tone5	man_in_manual_wheelchair_facing_right_tone5,man_in_manual_wheelchair_facing_right_dark_skin_tone
👩‍🦽	woman_in_manual_wheelchair	woman_in_manual_wheelchair
👩🏻‍🦽	woman_in_manual_wheelchair_tone1	woman_in_manual_wheelchair_tone1,woman_in_manual_wheelchair_light_skin_tone
👩🏼‍🦽	woman_in_manual_wheelchair_tone2	woman_in_manual_wheelchair_tone2,woman_in_manual_wheelchair_medium_light_skin_tone
👩🏽‍🦽	woman_in_manual_wheelchair_tone3	woman_in_manual_wheelchair_tone3,woman_in_manual_wheelchair_medium_skin_tone
👩🏾‍🦽	woman_in_manual_wheelchair_tone4	woman_in_manual_wheelchair_tone4,woman_in_manual_wheelchair_medium_dark_skin_tone
👩🏿‍🦽	woman_in_manual_wheelchair_tone5	woman_in_manual_wheelchair_tone5,woman_in_manual_wheelchair_dark_skin_tone
👩‍🦽‍➡️	woman_in_manual_wheelchair_facing_right	woman_in_manual_wheelchair_facing_right
👩🏻‍🦽‍➡️	woman_in_manual_wheelchair_facing_right_tone1	woman_in_manual_wheelchair_facing_right_tone1,woman_in_manual_wheelchair_facing_right_light_skin_tone
👩🏼‍🦽‍➡️	woman_in_manual_wheelchair_facing_right_tone2	woman_in_manual_wheelchair_facing_right_tone2,woman_in_manual_wheelchair_facing_right_medium_light_skin_tone
👩🏽‍🦽‍➡️	woman_in_manual_wheelchair_facing_right_tone3	woman_in_manual_wheelchair_facing_right_tone3,woman_in_manual_wheelchair_facing_right_medium_skin_tone
👩🏾‍🦽‍➡️	woman_in_manual_wheelchair_facing_right_tone4	woman_in_manual_wheelchair_facing_right_tone4,woman_in_manual_wheelchair_facing_right_medium_dark_skin_tone
👩🏿‍🦽‍➡️	woman_in_manual_wheelchair_facing_right_tone5	woman_in_manual_wheelchair_facing_right_tone5,woman_in_manual_wheelchair_facing_right_dark_skin_tone
🏃	person_running	person_running,runner
🏃🏻	person_running_tone1	person_running_tone1,runner_tone1
🏃🏼	person_running_tone2	person_running_tone2,runner_tone2
🏃🏽	person_running_tone3	person_running_tone3,runner_tone3
🏃🏾	person_running_tone4	person_running_tone4,runner_tone4
🏃🏿	person_running_tone5	person_running_tone5,runner_tone5
🏃‍♂️	man_running	man_running
🏃🏻‍♂️	man_running_tone1	man_running_tone1,man_running_light_skin_tone
🏃🏼‍♂️	man_running_tone2	man_running_tone2,man_running_medium_light_skin_tone
🏃🏽‍♂️	man_running_tone3	man_running_tone3,man_running_medium_skin_tone
🏃🏾‍♂️	man_running_tone4	man_running_tone4,man_running_medium_dark_skin_tone
🏃🏿‍♂️	man_running_tone5	man_running_tone5,man_running_dark_skin_tone
🏃‍♀️	woman_running	woman_running
🏃🏻‍♀️	woman_running_tone1	woman_running_tone1,woman_running_light_skin_tone
🏃🏼‍♀️	woman_running_tone2	woman_running_tone2,woman_running_medium_light_skin_tone
🏃🏽‍♀️	woman_running_tone3	woman_running_tone3,woman_running_medium_skin_tone
🏃🏾‍♀️	woman_running_tone4	woman_running_tone4,woman_running_medium_dark_skin_tone
🏃🏿‍♀️	woman_running_tone5	woman_running_tone5,woman_running_dark_skin_tone
🏃‍➡️	person_running_facing_right	person_running_facing_right
🏃🏻‍➡️	person_running_facing_right_tone1	person_running_facing_right_tone1,person_running_facing_right_light_skin_tone
🏃🏼‍➡️	person_running_facing_right_tone2	person_running_facing_right_tone2,person_running_facing_right_medium_light_skin_tone
🏃🏽‍➡️	person_running_facing_right_tone3	person_running_facing_right_tone3,person_running_facing_right_medium_skin_tone
🏃🏾‍➡️	person_running_facing_right_tone4	person_running_facing_right_tone4,person_running_facing_right_medium_dark_skin_tone
🏃🏿‍➡️	person_running_facing_right_tone5	person_running_facing_right_tone5,person_running_facing_right_dark_skin_tone
🏃‍♀️‍➡️	woman_running_facing_right	woman_running_facing_right
🏃🏻‍♀️‍➡️	woman_running_facing_right_tone1	woman_running_facing_right_tone1,woman_running_facing_right_light_skin_tone
🏃🏼‍♀️‍➡️	woman_running_facing_right_tone2	woman_running_facing_right_tone2,woman_running_facing_right_medium_light_skin_tone
🏃🏽‍♀️‍➡️	woman_running_facing_right_tone3	woman_running_facing_right_tone3,woman_running_facing_right_medium_skin_tone
🏃🏾‍♀️‍➡️	woman_running_facing_right_tone4	woman_running_facing_right_tone4,woman_running_facing_right_medium_dark_skin_tone
🏃🏿‍♀️‍➡️	woman_running_facing_right_tone5	woman_running_facing_right_tone5,woman_running_facing_right_dark_skin_tone
🏃‍♂️‍➡️	man_running_facing_right	man_running_facing_right
🏃🏻‍♂️‍➡️	man_running_facing_right_tone1	man_running_facing_right_tone1,man_running_facing_right_light_skin_tone
🏃🏼‍♂️‍➡️	man_running_facing_right_tone2	man_running_facing_right_tone2,man_running_facing_right_medium_light_skin_tone
🏃🏽‍♂️‍➡️	man_running_facing_right_tone3	man_running_facing_right_tone3,man_running_facing_right_medium_skin_tone
🏃🏾‍♂️‍➡️	man_running_facing_right_tone4	man_running_facing_right_tone4,man_running_facing_right_medium_dark_skin_tone
🏃🏿‍♂️‍➡️	man_running_facing_right_tone5	man_running_facing_right_tone5,man_running_facing_right_dark_skin_tone
🧑‍🩰	ballet_dancer	ballet_dancer
🧑🏻‍🩰	ballet_dancer_light_skin_tone	ballet_dancer_light_skin_tone
🧑🏼‍🩰	ballet_dancer_medium_light_skin_tone	ballet_dancer_medium_light_skin_tone
🧑🏽‍🩰	ballet_dancer_medium_skin_tone	ballet_dancer_medium_skin_tone
🧑🏾‍🩰	ballet_dancer_medium_dark_skin_tone	ballet_dancer_medium_dark_skin_tone
🧑🏿‍🩰	ballet_dancer_dark_skin_tone	ballet_dancer_dark_skin_tone
💃	dancer	dancer,woman_dancing
💃🏻	dancer_tone1	dancer_tone1
💃🏼	dancer_tone2	dancer_tone2
💃🏽	dancer_tone3	dancer_tone3
💃🏾	dancer_tone4	dancer_tone4
💃🏿	dancer_tone5	dancer_tone5
🕺	man_dancing	man_dancing,male_dancer
🕺🏻	man_dancing_tone1	man_dancing_tone1,male_dancer_tone1
🕺🏼	man_dancing_tone2	man_dancing_tone2,male_dancer_tone2
🕺🏽	man_dancing_tone3	man_dancing_tone3,male_dancer_tone3
🕺🏾	man_dancing_tone4	man_dancing_tone4,male_dancer_tone4
🕺🏿	man_dancing_tone5	man_dancing_tone5,male_dancer_tone5
🕴️	levitate	levitate,man_in_business_suit_levitating
🕴🏻	levitate_tone1	levitate_tone1,man_in_business_suit_levitating_tone1,man_in_business_suit_levitating_light_skin_tone
🕴🏼	levitate_tone2	levitate_tone2,man_in_business_suit_levitating_tone2,man_in_business_suit_levitating_medium_light_skin_tone
🕴🏽	levitate_tone3	levitate_tone3,man_in_business_suit_levitating_tone3,man_in_business_suit_levitating_medium_skin_tone
🕴🏾	levitate_tone4	levitate_tone4,man_in_business_suit_levitating_tone4,man_in_business_suit_levitating_medium_dark_skin_tone
🕴🏿	levitate_tone5	levitate_tone5,man_in_business_suit_levitating_tone5,man_in_business_suit_levitating_dark_skin_tone
👯	people_with_bunny_ears_partying	people_with_bunny_ears_partying,dancers
👯🏻	people_with_bunny_ears_light_skin_tone	people_with_bunny_ears_light_skin_tone
👯🏼	people_with_bunny_ears_medium_light_skin_tone	people_with_bunny_ears_medium_light_skin_tone
👯🏽	people_with_bunny_ears_medium_skin_tone	people_with_bunny_ears_medium_skin_tone
👯🏾	people_with_bunny_ears_medium_dark_skin_tone	people_with_bunny_ears_medium_dark_skin_tone
👯🏿	people_with_bunny_ears_dark_skin_tone	people_with_bunny_ears_dark_skin_tone
👯‍♂️	men_with_bunny_ears_partying	men_with_bunny_ears_partying
👯🏻‍♂️	men_with_bunny_ears_light_skin_tone	men_with_bunny_ears_light_skin_tone
👯🏼‍♂️	men_with_bunny_ears_medium_light_skin_tone	men_with_bunny_ears_medium_light_skin_tone
👯🏽‍♂️	men_with_bunny_ears_medium_skin_tone	men_with_bunny_ears_medium_skin_tone
👯🏾‍♂️	men_with_bunny_ears_medium_dark_skin_tone	men_with_bunny_ears_medium_dark_skin_tone
👯🏿‍♂️	men_with_bunny_ears_dark_skin_tone	men_with_bunny_ears_dark_skin_tone
👯‍♀️	women_with_bunny_ears_partying	women_with_bunny_ears_partying
👯🏻‍♀️	women_with_bunny_ears_light_skin_tone	women_with_bunny_ears_light_skin_tone
👯🏼‍♀️	women_with_bunny_ears_medium_light_skin_tone	women_with_bunny_ears_medium_light_skin_tone
👯🏽‍♀️	women_with_bunny_ears_medium_skin_tone	women_with_bunny_ears_medium_skin_tone
👯🏾‍♀️	women_with_bunny_ears_medium_dark_skin_tone	women_with_bunny_ears_medium_dark_skin_tone
👯🏿‍♀️	women_with_bunny_ears_dark_skin_tone	women_with_bunny_ears_dark_skin_tone
🧑🏻‍🐰‍🧑🏼	people_with_bunny_ears_light_skin_tone_medium_light_skin_tone	people_with_bunny_ears_light_skin_tone_medium_light_skin_tone
🧑🏻‍🐰‍🧑🏽	people_with_bunny_ears_light_skin_tone_medium_skin_tone	people_with_bunny_ears_light_skin_tone_medium_skin_tone
🧑🏻‍🐰‍🧑🏾	people_with_bunny_ears_light_skin_tone_medium_dark_skin_tone	people_with_bunny_ears_light_skin_tone_medium_dark_skin_tone
🧑🏻‍🐰‍🧑🏿	people_with_bunny_ears_light_skin_tone_dark_skin_tone	people_with_bunny_ears_light_skin_tone_dark_skin_tone
🧑🏼‍🐰‍🧑🏻	people_with_bunny_ears_medium_light_skin_tone_light_skin_tone	people_with_bunny_ears_medium_light_skin_tone_light_skin_tone
🧑🏼‍🐰‍🧑🏽	people_with_bunny_ears_medium_light_skin_tone_medium_skin_tone	people_with_bunny_ears_medium_light_skin_tone_medium_skin_tone
🧑🏼‍🐰‍🧑🏾	people_with_bunny_ears_medium_light_skin_tone_medium_dark_skin_tone	people_with_bunny_ears_medium_light_skin_tone_medium_dark_skin_tone
🧑🏼‍🐰‍🧑🏿	people_with_bunny_ears_medium_light_skin_tone_dark_skin_tone	people_with_bunny_ears_medium_light_skin_tone_dark_skin_tone
🧑🏽‍🐰‍🧑🏻	people_with_bunny_ears_medium_skin_tone_light_skin_tone	people_with_bunny_ears_medium_skin_tone_light_skin_tone
🧑🏽‍🐰‍🧑🏼	people_with_bunny_ears_medium_skin_tone_medium_light_skin_tone	people_with_bunny_ears_medium_skin_tone_medium_light_skin_tone
🧑🏽‍🐰‍🧑🏾	people_with_bunny_ears_medium_skin_tone_medium_dark_skin_tone	people_with_bunny_ears_medium_skin_tone_medium_dark_skin_tone
🧑🏽‍🐰‍🧑🏿	people_with_bunny_ears_medium_skin_tone_dark_skin_tone	people_with_bunny_ears_medium_skin_tone_dark_skin_tone
🧑🏾‍🐰‍🧑🏻	people_with_bunny_ears_medium_dark_skin_tone_light_skin_tone	people_with_bunny_ears_medium_dark_skin_tone_light_skin_tone
🧑🏾‍🐰‍🧑🏼	people_with_bunny_ears_medium_dark_skin_tone_medium_light_skin_tone	people_with_bunny_ears_medium_dark_skin_tone_medium_light_skin_tone
🧑🏾‍🐰‍🧑🏽	people_with_bunny_ears_medium_dark_skin_tone_medium_skin_tone	people_with_bunny_ears_medium_dark_skin_tone_medium_skin_tone
🧑🏾‍🐰‍🧑🏿	people_with_bunny_ears_medium_dark_skin_tone_dark_skin_tone	people_with_bunny_ears_medium_dark_skin_tone_dark_skin_tone
🧑🏿‍🐰‍🧑🏻	people_with_bunny_ears_dark_skin_tone_light_skin_tone	people_with_bunny_ears_dark_skin_tone_light_skin_tone
🧑🏿‍🐰‍🧑🏼	people_with_bunny_ears_dark_skin_tone_medium_light_skin_tone	people_with_bunny_ears_dark_skin_tone_medium_light_skin_tone
🧑🏿‍🐰‍🧑🏽	people_with_bunny_ears_dark_skin_tone_medium_skin_tone	people_with_bunny_ears_dark_skin_tone_medium_skin_tone
🧑🏿‍🐰‍🧑🏾	people_with_bunny_ears_dark_skin_tone_medium_dark_skin_tone	people_with_bunny_ears_dark_skin_tone_medium_dark_skin_tone
👨🏻‍🐰‍👨🏼	men_with_bunny_ears_light_skin_tone_medium_light_skin_tone	men_with_bunny_ears_light_skin_tone_medium_light_skin_tone
👨🏻‍🐰‍👨🏽	men_with_bunny_ears_light_skin_tone_medium_skin_tone	men_with_bunny_ears_light_skin_tone_medium_skin_tone
👨🏻‍🐰‍👨🏾	men_with_bunny_ears_light_skin_tone_medium_dark_skin_tone	men_with_bunny_ears_light_skin_tone_medium_dark_skin_tone
👨🏻‍🐰‍👨🏿	men_with_bunny_ears_light_skin_tone_dark_skin_tone	men_with_bunny_ears_light_skin_tone_dark_skin_tone
👨🏼‍🐰‍👨🏻	men_with_bunny_ears_medium_light_skin_tone_light_skin_tone	men_with_bunny_ears_medium_light_skin_tone_light_skin_tone
👨🏼‍🐰‍👨🏽	men_with_bunny_ears_medium_light_skin_tone_medium_skin_tone	men_with_bunny_ears_medium_light_skin_tone_medium_skin_tone
👨🏼‍🐰‍👨🏾	men_with_bunny_ears_medium_light_skin_tone_medium_dark_skin_tone	men_with_bunny_ears_medium_light_skin_tone_medium_dark_skin_tone
👨🏼‍🐰‍👨🏿	men_with_bunny_ears_medium_light_skin_tone_dark_skin_tone	men_with_bunny_ears_medium_light_skin_tone_dark_skin_tone
👨🏽‍🐰‍👨🏻	men_with_bunny_ears_medium_skin_tone_light_skin_tone	men_with_bunny_ears_medium_skin_tone_light_skin_tone
👨🏽‍🐰‍👨🏼	men_with_bunny_ears_medium_skin_tone_medium_light_skin_tone	men_with_bunny_ears_medium_skin_tone_medium_light_skin_tone
👨🏽‍🐰‍👨🏾	men_with_bunny_ears_medium_skin_tone_medium_dark_skin_tone	men_with_bunny_ears_medium_skin_tone_medium_dark_skin_tone
👨🏽‍🐰‍👨🏿	men_with_bunny_ears_medium_skin_tone_dark_skin_tone	men_with_bunny_ears_medium_skin_tone_dark_skin_tone
👨🏾‍🐰‍👨🏻	men_with_bunny_ears_medium_dark_skin_tone_light_skin_tone	men_with_bunny_ears_medium_dark_skin_tone_light_skin_tone
👨🏾‍🐰‍👨🏼	men_with_bunny_ears_medium_dark_skin_tone_medium_light_skin_tone	men_with_bunny_ears_medium_dark_skin_tone_medium_light_skin_tone
👨🏾‍🐰‍👨🏽	men_with_bunny_ears_medium_dark_skin_tone_medium_skin_tone	men_with_bunny_ears_medium_dark_skin_tone_medium_skin_tone
👨🏾‍🐰‍👨🏿	men_with_bunny_ears_medium_dark_skin_tone_dark_skin_tone	men_with_bunny_ears_medium_dark_skin_tone_dark_skin_tone
👨🏿‍🐰‍👨🏻	men_with_bunny_ears_dark_skin_tone_light_skin_tone	men_with_bunny_ears_dark_skin_tone_light_skin_tone
👨🏿‍🐰‍👨🏼	men_with_bunny_ears_dark_skin_tone_medium_light_skin_tone	men_with_bunny_ears_dark_skin_tone_medium_light_skin_tone
👨🏿‍🐰‍👨🏽	men_with_bunny_ears_dark_skin_tone_medium_skin_tone	men_with_bunny_ears_dark_skin_tone_medium_skin_tone
👨🏿‍🐰‍👨🏾	men_with_bunny_ears_dark_skin_tone_medium_dark_skin_tone	men_with_bunny_ears_dark_skin_tone_medium_dark_skin_tone
👩🏻‍🐰‍👩🏼	women_with_bunny_ears_light_skin_tone_medium_light_skin_tone	women_with_bunny_ears_light_skin_tone_medium_light_skin_tone
👩🏻‍🐰‍👩🏽	women_with_bunny_ears_light_skin_tone_medium_skin_tone	women_with_bunny_ears_light_skin_tone_medium_skin_tone
👩🏻‍🐰‍👩🏾	women_with_bunny_ears_light_skin_tone_medium_dark_skin_tone	women_with_bunny_ears_light_skin_tone_medium_dark_skin_tone
👩🏻‍🐰‍👩🏿	women_with_bunny_ears_light_skin_tone_dark_skin_tone	women_with_bunny_ears_light_skin_tone_dark_skin_tone
👩🏼‍🐰‍👩🏻	women_with_bunny_ears_medium_light_skin_tone_light_skin_tone	women_with_bunny_ears_medium_light_skin_tone_light_skin_tone
👩🏼‍🐰‍👩🏽	women_with_bunny_ears_medium_light_skin_tone_medium_skin_tone	women_with_bunny_ears_medium_light_skin_tone_medium_skin_tone
👩🏼‍🐰‍👩🏾	women_with_bunny_ears_medium_light_skin_tone_medium_dark_skin_tone	women_with_bunny_ears_medium_light_skin_tone_medium_dark_skin_tone
👩🏼‍🐰‍👩🏿	women_with_bunny_ears_medium_light_skin_tone_dark_skin_tone	women_with_bunny_ears_medium_light_skin_tone_dark_skin_tone
👩🏽‍🐰‍👩🏻	women_with_bunny_ears_medium_skin_tone_light_skin_tone	women_with_bunny_ears_medium_skin_tone_light_skin_tone
👩🏽‍🐰‍👩🏼	women_with_bunny_ears_medium_skin_tone_medium_light_skin_tone	women_with_bunny_ears_medium_skin_tone_medium_light_skin_tone
👩🏽‍🐰‍👩🏾	women_with_bunny_ears_medium_skin_tone_medium_dark_skin_tone	women_with_bunny_ears_medium_skin_tone_medium_dark_skin_tone
👩🏽‍🐰‍👩🏿	women_with_bunny_ears_medium_skin_tone_dark_skin_tone	women_with_bunny_ears_medium_skin_tone_dark_skin_tone
👩🏾‍🐰‍👩🏻	women_with_bunny_ears_medium_dark_skin_tone_light_skin_tone	women_with_bunny_ears_medium_dark_skin_tone_light_skin_tone
👩🏾‍🐰‍👩🏼	women_with_bunny_ears_medium_dark_skin_tone_medium_light_skin_tone	women_with_bunny_ears_medium_dark_skin_tone_medium_light_skin_tone
👩🏾‍🐰‍👩🏽	women_with_bunny_ears_medium_dark_skin_tone_medium_skin_tone	women_with_bunny_ears_medium_dark_skin_tone_medium_skin_tone
👩🏾‍🐰‍👩🏿	women_with_bunny_ears_medium_dark_skin_tone_dark_skin_tone	women_with_bunny_ears_medium_dark_skin_tone_dark_skin_tone
👩🏿‍🐰‍👩🏻	women_with_bunny_ears_dark_skin_tone_light_skin_tone	women_with_bunny_ears_dark_skin_tone_light_skin_tone
👩🏿‍🐰‍👩🏼	women_with_bunny_ears_dark_skin_tone_medium_light_skin_tone	women_with_bunny_ears_dark_skin_tone_medium_light_skin_tone
👩🏿‍🐰‍👩🏽	women_with_bunny_ears_dark_skin_tone_medium_skin_tone	women_with_bunny_ears_dark_skin_tone_medium_skin_tone
👩🏿‍🐰‍👩🏾	women_with_bunny_ears_dark_skin_tone_medium_dark_skin_tone	women_with_bunny_ears_dark_skin_tone_medium_dark_skin_tone
🧖	person_in_steamy_room	person_in_steamy_room
🧖🏻	person_in_steamy_room_tone1	person_in_steamy_room_tone1,person_in_steamy_room_light_skin_tone
🧖🏼	person_in_steamy_room_tone2	person_in_steamy_room_tone2,person_in_steamy_room_medium_light_skin_tone
🧖🏽	person_in_steamy_room_tone3	person_in_steamy_room_tone3,person_in_steamy_room_medium_skin_tone
🧖🏾	person_in_steamy_room_tone4	person_in_steamy_room_tone4,person_in_steamy_room_medium_dark_skin_tone
🧖🏿	person_in_steamy_room_tone5	person_in_steamy_room_tone5,person_in_steamy_room_dark_skin_tone
🧖‍♂️	man_in_steamy_room	man_in_steamy_room
🧖🏻‍♂️	man_in_steamy_room_tone1	man_in_steamy_room_tone1,man_in_steamy_room_light_skin_tone
🧖🏼‍♂️	man_in_steamy_room_tone2	man_in_steamy_room_tone2,man_in_steamy_room_medium_light_skin_tone
🧖🏽‍♂️	man_in_steamy_room_tone3	man_in_steamy_room_tone3,man_in_steamy_room_medium_skin_tone
🧖🏾‍♂️	man_in_steamy_room_tone4	man_in_steamy_room_tone4,man_in_steamy_room_medium_dark_skin_tone
🧖🏿‍♂️	man_in_steamy_room_tone5	man_in_steamy_room_tone5,man_in_steamy_room_dark_skin_tone
🧖‍♀️	woman_in_steamy_room	woman_in_steamy_room
🧖🏻‍♀️	woman_in_steamy_room_tone1	woman_in_steamy_room_tone1,woman_in_steamy_room_light_skin_tone
🧖🏼‍♀️	woman_in_steamy_room_tone2	woman_in_steamy_room_tone2,woman_in_steamy_room_medium_light_skin_tone
🧖🏽‍♀️	woman_in_steamy_room_tone3	woman_in_steamy_room_tone3,woman_in_steamy_room_medium_skin_tone
🧖🏾‍♀️	woman_in_steamy_room_tone4	woman_in_steamy_room_tone4,woman_in_steamy_room_medium_dark_skin_tone
🧖🏿‍♀️	woman_in_steamy_room_tone5	woman_in_steamy_room_tone5,woman_in_steamy_room_dark_skin_tone
🧗	person_climbing	person_climbing
🧗🏻	person_climbing_tone1	person_climbing_tone1,person_climbing_light_skin_tone
🧗🏼	person_climbing_tone2	person_climbing_tone2,person_climbing_medium_light_skin_tone
🧗🏽	person_climbing_tone3	person_climbing_tone3,person_climbing_medium_skin_tone
🧗🏾	person_climbing_tone4	person_climbing_tone4,person_climbing_medium_dark_skin_tone
🧗🏿	person_climbing_tone5	person_climbing_tone5,person_climbing_dark_skin_tone
🧗‍♂️	man_climbing	man_climbing
🧗🏻‍♂️	man_climbing_tone1	man_climbing_tone1,man_climbing_light_skin_tone
🧗🏼‍♂️	man_climbing_tone2	man_climbing_tone2,man_climbing_medium_light_skin_tone
🧗🏽‍♂️	man_climbing_tone3	man_climbing_tone3,man_climbing_medium_skin_tone
🧗🏾‍♂️	man_climbing_tone4	man_climbing_tone4,man_climbing_medium_dark_skin_tone
🧗🏿‍♂️	man_climbing_tone5	man_climbing_tone5,man_climbing_dark_skin_tone
🧗‍♀️	woman_climbing	woman_climbing
🧗🏻‍♀️	woman_climbing_tone1	woman_climbing_tone1,woman_climbing_light_skin_tone
🧗🏼‍♀️	woman_climbing_tone2	woman_climbing_tone2,woman_climbing_medium_light_skin_tone
🧗🏽‍♀️	woman_climbing_tone3	woman_climbing_tone3,woman_climbing_medium_skin_tone
🧗🏾‍♀️	woman_climbing_tone4	woman_climbing_tone4,woman_climbing_medium_dark_skin_tone
🧗🏿‍♀️	woman_climbing_tone5	woman_climbing_tone5,woman_climbing_dark_skin_tone
🤺	person_fencing	person_fencing,fencer,fencing
🏇	horse_racing	horse_racing
🏇🏻	horse_racing_tone1	horse_racing_tone1
🏇🏼	horse_racing_tone2	horse_racing_tone2
🏇🏽	horse_racing_tone3	horse_racing_tone3
🏇🏾	horse_racing_tone4	horse_racing_tone4
🏇🏿	horse_racing_tone5	horse_racing_tone5
⛷️	skier	skier
🏂	snowboarder	snowboarder
🏂🏻	snowboarder_tone1	snowboarder_tone1,snowboarder_light_skin_tone
🏂🏼	snowboarder_tone2	snowboarder_tone2,snowboarder_medium_light_skin_tone
🏂🏽	snowboarder_tone3	snowboarder_tone3,snowboarder_medium_skin_tone
🏂🏾	snowboarder_tone4	snowboarder_tone4,snowboarder_medium_dark_skin_tone
🏂🏿	snowboarder_tone5	snowboarder_tone5,snowboarder_dark_skin_tone
🏌️	person_golfing	person_golfing,golfer
🏌🏻	person_golfing_tone1	person_golfing_tone1,person_golfing_light_skin_tone
🏌🏼	person_golfing_tone2	person_golfing_tone2,person_golfing_medium_light_skin_tone
🏌🏽	person_golfing_tone3	person_golfing_tone3,person_golfing_medium_skin_tone
🏌🏾	person_golfing_tone4	person_golfing_tone4,person_golfing_medium_dark_skin_tone
🏌🏿	person_golfing_tone5	person_golfing_tone5,person_golfing_dark_skin_tone
🏌️‍♂️	man_golfing	man_golfing
🏌🏻‍♂️	man_golfing_tone1	man_golfing_tone1,man_golfing_light_skin_tone
🏌🏼‍♂️	man_golfing_tone2	man_golfing_tone2,man_golfing_medium_light_skin_tone
🏌🏽‍♂️	man_golfing_tone3	man_golfing_tone3,man_golfing_medium_skin_tone
🏌🏾‍♂️	man_golfing_tone4	man_golfing_tone4,man_golfing_medium_dark_skin_tone
🏌🏿‍♂️	man_golfing_tone5	man_golfing_tone5,man_golfing_dark_skin_tone
🏌️‍♀️	woman_golfing	woman_golfing
🏌🏻‍♀️	woman_golfing_tone1	woman_golfing_tone1,woman_golfing_light_skin_tone
🏌🏼‍♀️	woman_golfing_tone2	woman_golfing_tone2,woman_golfing_medium_light_skin_tone
🏌🏽‍♀️	woman_golfing_tone3	woman_golfing_tone3,woman_golfing_medium_skin_tone
🏌🏾‍♀️	woman_golfing_tone4	woman_golfing_tone4,woman_golfing_medium_dark_skin_tone
🏌🏿‍♀️	woman_golfing_tone5	woman_golfing_tone5,woman_golfing_dark_skin_tone
🏄	person_surfing	person_surfing,surfer
🏄🏻	person_surfing_tone1	person_surfing_tone1,surfer_tone1
🏄🏼	person_surfing_tone2	person_surfing_tone2,surfer_tone2
🏄🏽	person_surfing_tone3	person_surfing_tone3,surfer_tone3
🏄🏾	person_surfing_tone4	person_surfing_tone4,surfer_tone4
🏄🏿	person_surfing_tone5	person_surfing_tone5,surfer_tone5
🏄‍♂️	man_surfing	man_surfing
🏄🏻‍♂️	man_surfing_tone1	man_surfing_tone1,man_surfing_light_skin_tone
🏄🏼‍♂️	man_surfing_tone2	man_surfing_tone2,man_surfing_medium_light_skin_tone
🏄🏽‍♂️	man_surfing_tone3	man_surfing_tone3,man_surfing_medium_skin_tone
🏄🏾‍♂️	man_surfing_tone4	man_surfing_tone4,man_surfing_medium_dark_skin_tone
🏄🏿‍♂️	man_surfing_tone5	man_surfing_tone5,man_surfing_dark_skin_tone
🏄‍♀️	woman_surfing	woman_surfing
🏄🏻‍♀️	woman_surfing_tone1	woman_surfing_tone1,woman_surfing_light_skin_tone
🏄🏼‍♀️	woman_surfing_tone2	woman_surfing_tone2,woman_surfing_medium_light_skin_tone
🏄🏽‍♀️	woman_surfing_tone3	woman_surfing_tone3,woman_surfing_medium_skin_tone
🏄🏾‍♀️	woman_surfing_tone4	woman_surfing_tone4,woman_surfing_medium_dark_skin_tone
🏄🏿‍♀️	woman_surfing_tone5	woman_surfing_tone5,woman_surfing_dark_skin_tone
🚣	person_rowing_boat	person_rowing_boat,rowboat
🚣🏻	person_rowing_boat_tone1	person_rowing_boat_tone1,rowboat_tone1
🚣🏼	person_rowing_boat_tone2	person_rowing_boat_tone2,rowboat_tone2
🚣🏽	person_rowing_boat_tone3	person_rowing_boat_tone3,rowboat_tone3
🚣🏾	person_rowing_boat_tone4	person_rowing_boat_tone4,rowboat_tone4
🚣🏿	person_rowing_boat_tone5	person_rowing_boat_tone5,rowboat_tone5
🚣‍♂️	man_rowing_boat	man_rowing_boat
🚣🏻‍♂️	man_rowing_boat_tone1	man_rowing_boat_tone1,man_rowing_boat_light_skin_tone
🚣🏼‍♂️	man_rowing_boat_tone2	man_rowing_boat_tone2,man_rowing_boat_medium_light_skin_tone
🚣🏽‍♂️	man_rowing_boat_tone3	man_rowing_boat_tone3,man_rowing_boat_medium_skin_tone
🚣🏾‍♂️	man_rowing_boat_tone4	man_rowing_boat_tone4,man_rowing_boat_medium_dark_skin_tone
🚣🏿‍♂️	man_rowing_boat_tone5	man_rowing_boat_tone5,man_rowing_boat_dark_skin_tone
🚣‍♀️	woman_rowing_boat	woman_rowing_boat
🚣🏻‍♀️	woman_rowing_boat_tone1	woman_rowing_boat_tone1,woman_rowing_boat_light_skin_tone
🚣🏼‍♀️	woman_rowing_boat_tone2	woman_rowing_boat_tone2,woman_rowing_boat_medium_light_skin_tone
🚣🏽‍♀️	woman_rowing_boat_tone3	woman_rowing_boat_tone3,woman_rowing_boat_medium_skin_tone
🚣🏾‍♀️	woman_rowing_boat_tone4	woman_rowing_boat_tone4,woman_rowing_boat_medium_dark_skin_tone
🚣🏿‍♀️	woman_rowing_boat_tone5	woman_rowing_boat_tone5,woman_rowing_boat_dark_skin_tone
🏊	person_swimming	person_swimming,swimmer
🏊🏻	person_swimming_tone1	person_swimming_tone1,swimmer_tone1
🏊🏼	person_swimming_tone2	person_swimming_tone2,swimmer_tone2
🏊🏽	person_swimming_tone3	person_swimming_tone3,swimmer_tone3
🏊🏾	person_swimming_tone4	person_swimming_tone4,swimmer_tone4
🏊🏿	person_swimming_tone5	person_swimming_tone5,swimmer_tone5
🏊‍♂️	man_swimming	man_swimming
🏊🏻‍♂️	man_swimming_tone1	man_swimming_tone1,man_swimming_light_skin_tone
🏊🏼‍♂️	man_swimming_tone2	man_swimming_tone2,man_swimming_medium_light_skin_tone
🏊🏽‍♂️	man_swimming_tone3	man_swimming_tone3,man_swimming_medium_skin_tone
🏊🏾‍♂️	man_swimming_tone4	man_swimming_tone4,man_swimming_medium_dark_skin_tone
🏊🏿‍♂️	man_swimming_tone5	man_swimming_tone5,man_swimming_dark_skin_tone
🏊‍♀️	woman_swimming	woman_swimming
🏊🏻‍♀️	woman_swimming_tone1	woman_swimming_tone1,woman_swimming_light_skin_tone
🏊🏼‍♀️	woman_swimming_tone2	woman_swimming_tone2,woman_swimming_medium_light_skin_tone
🏊🏽‍♀️	woman_swimming_tone3	woman_swimming_tone3,woman_swimming_medium_skin_tone
🏊🏾‍♀️	woman_swimming_tone4	woman_swimming_tone4,woman_swimming_medium_dark_skin_tone
🏊🏿‍♀️	woman_swimming_tone5	woman_swimming_tone5,woman_swimming_dark_skin_tone
⛹️	person_bouncing_ball	person_bouncing_ball,basketball_player,person_with_ball
⛹🏻	person_bouncing_ball_tone1	person_bouncing_ball_tone1,basketball_player_tone1,person_with_ball_tone1
⛹🏼	person_bouncing_ball_tone2	person_bouncing_ball_tone2,basketball_player_tone2,person_with_ball_tone2
⛹🏽	person_bouncing_ball_tone3	person_bouncing_ball_tone3,basketball_player_tone3,person_with_ball_tone3
⛹🏾	person_bouncing_ball_tone4	person_bouncing_ball_tone4,basketball_player_tone4,person_with_ball_tone4
⛹🏿	person_bouncing_ball_tone5	person_bouncing_ball_tone5,basketball_player_tone5,person_with_ball_tone5
⛹️‍♂️	man_bouncing_ball	man_bouncing_ball
⛹🏻‍♂️	man_bouncing_ball_tone1	man_bouncing_ball_tone1,man_bouncing_ball_light_skin_tone
⛹🏼‍♂️	man_bouncing_ball_tone2	man_bouncing_ball_tone2,man_bouncing_ball_medium_light_skin_tone
⛹🏽‍♂️	man_bouncing_ball_tone3	man_bouncing_ball_tone3,man_bouncing_ball_medium_skin_tone
⛹🏾‍♂️	man_bouncing_ball_tone4	man_bouncing_ball_tone4,man_bouncing_ball_medium_dark_skin_tone
⛹🏿‍♂️	man_bouncing_ball_tone5	man_bouncing_ball_tone5,man_bouncing_ball_dark_skin_tone
⛹️‍♀️	woman_bouncing_ball	woman_bouncing_ball
⛹🏻‍♀️	woman_bouncing_ball_tone1	woman_bouncing_ball_tone1,woman_bouncing_ball_light_skin_tone
⛹🏼‍♀️	woman_bouncing_ball_tone2	woman_bouncing_ball_tone2,woman_bouncing_ball_medium_light_skin_tone
⛹🏽‍♀️	woman_bouncing_ball_tone3	woman_bouncing_ball_tone3,woman_bouncing_ball_medium_skin_tone
⛹🏾‍♀️	woman_bouncing_ball_tone4	woman_bouncing_ball_tone4,woman_bouncing_ball_medium_dark_skin_tone
⛹🏿‍♀️	woman_bouncing_ball_tone5	woman_bouncing_ball_tone5,woman_bouncing_ball_dark_skin_tone
🏋️	person_lifting_weights	person_lifting_weights,lifter,weight_lifter
🏋🏻	person_lifting_weights_tone1	person_lifting_weights_tone1,lifter_tone1,weight_lifter_tone1
🏋🏼	person_lifting_weights_tone2	person_lifting_weights_tone2,lifter_tone2,weight_lifter_tone2
🏋🏽	person_lifting_weights_tone3	person_lifting_weights_tone3,lifter_tone3,weight_lifter_tone3
🏋🏾	person_lifting_weights_tone4	person_lifting_weights_tone4,lifter_tone4,weight_lifter_tone4
🏋🏿	person_lifting_weights_tone5	person_lifting_weights_tone5,lifter_tone5,weight_lifter_tone5
🏋️‍♂️	man_lifting_weights	man_lifting_weights
🏋🏻‍♂️	man_lifting_weights_tone1	man_lifting_weights_tone1,man_lifting_weights_light_skin_tone
🏋🏼‍♂️	man_lifting_weights_tone2	man_lifting_weights_tone2,man_lifting_weights_medium_light_skin_tone
🏋🏽‍♂️	man_lifting_weights_tone3	man_lifting_weights_tone3,man_lifting_weights_medium_skin_tone
🏋🏾‍♂️	man_lifting_weights_tone4	man_lifting_weights_tone4,man_lifting_weights_medium_dark_skin_tone
🏋🏿‍♂️	man_lifting_weights_tone5	man_lifting_weights_tone5,man_lifting_weights_dark_skin_tone
🏋️‍♀️	woman_lifting_weights	woman_lifting_weights
🏋🏻‍♀️	woman_lifting_weights_tone1	woman_lifting_weights_tone1,woman_lifting_weights_light_skin_tone
🏋🏼‍♀️	woman_lifting_weights_tone2	woman_lifting_weights_tone2,woman_lifting_weights_medium_light_skin_tone
🏋🏽‍♀️	woman_lifting_weights_tone3	woman_lifting_weights_tone3,woman_lifting_weights_medium_skin_tone
🏋🏾‍♀️	woman_lifting_weights_tone4	woman_lifting_weights_tone4,woman_lifting_weights_medium_dark_skin_tone
🏋🏿‍♀️	woman_lifting_weights_tone5	woman_lifting_weights_tone5,woman_lifting_weights_dark_skin_tone
🚴	person_biking	person_biking,bicyclist
🚴🏻	person_biking_tone1	person_biking_tone1,bicyclist_tone1
🚴🏼	person_biking_tone2	person_biking_tone2,bicyclist_tone2
🚴🏽	person_biking_tone3	person_biking_tone3,bicyclist_tone3
🚴🏾	person_biking_tone4	person_biking_tone4,bicyclist_tone4
🚴🏿	person_biking_tone5	person_biking_tone5,bicyclist_tone5
🚴‍♂️	man_biking	man_biking
🚴🏻‍♂️	man_biking_tone1	man_biking_tone1,man_biking_light_skin_tone
🚴🏼‍♂️	man_biking_tone2	man_biking_tone2,man_biking_medium_light_skin_tone
🚴🏽‍♂️	man_biking_tone3	man_biking_tone3,man_biking_medium_skin_tone
🚴🏾‍♂️	man_biking_tone4	man_biking_tone4,man_biking_medium_dark_skin_tone
🚴🏿‍♂️	man_biking_tone5	man_biking_tone5,man_biking_dark_skin_tone
🚴‍♀️	woman_biking	woman_biking
🚴🏻‍♀️	woman_biking_tone1	woman_biking_tone1,woman_biking_light_skin_tone
🚴🏼‍♀️	woman_biking_tone2	woman_biking_tone2,woman_biking_medium_light_skin_tone
🚴🏽‍♀️	woman_biking_tone3	woman_biking_tone3,woman_biking_medium_skin_tone
🚴🏾‍♀️	woman_biking_tone4	woman_biking_tone4,woman_biking_medium_dark_skin_tone
🚴🏿‍♀️	woman_biking_tone5	woman_biking_tone5,woman_biking_dark_skin_tone
🚵	person_mountain_biking	person_mountain_biking,mountain_bicyclist
🚵🏻	person_mountain_biking_tone1	person_mountain_biking_tone1,mountain_bicyclist_tone1
🚵🏼	person_mountain_biking_tone2	person_mountain_biking_tone2,mountain_bicyclist_tone2
🚵🏽	person_mountain_biking_tone3	person_mountain_biking_tone3,mountain_bicyclist_tone3
🚵🏾	person_mountain_biking_tone4	person_mountain_biking_tone4,mountain_bicyclist_tone4
🚵🏿	person_mountain_biking_tone5	person_mountain_biking_tone5,mountain_bicyclist_tone5
🚵‍♂️	man_mountain_biking	man_mountain_biking
🚵🏻‍♂️	man_mountain_biking_tone1	man_mountain_biking_tone1,man_mountain_biking_light_skin_tone
🚵🏼‍♂️	man_mountain_biking_tone2	man_mountain_biking_tone2,man_mountain_biking_medium_light_skin_tone
🚵🏽‍♂️	man_mountain_biking_tone3	man_mountain_biking_tone3,man_mountain_biking_medium_skin_tone
🚵🏾‍♂️	man_mountain_biking_tone4	man_mountain_biking_tone4,man_mountain_biking_medium_dark_skin_tone
🚵🏿‍♂️	man_mountain_biking_tone5	man_mountain_biking_tone5,man_mountain_biking_dark_skin_tone
🚵‍♀️	woman_mountain_biking	woman_mountain_biking
🚵🏻‍♀️	woman_mountain_biking_tone1	woman_mountain_biking_tone1,woman_mountain_biking_light_skin_tone
🚵🏼‍♀️	woman_mountain_biking_tone2	woman_mountain_biking_tone2,woman_mountain_biking_medium_light_skin_tone
🚵🏽‍♀️	woman_mountain_biking_tone3	woman_mountain_biking_tone3,woman_mountain_biking_medium_skin_tone
🚵🏾‍♀️	woman_mountain_biking_tone4	woman_mountain_biking_tone4,woman_mountain_biking_medium_dark_skin_tone
🚵🏿‍♀️	woman_mountain_biking_tone5	woman_mountain_biking_tone5,woman_mountain_biking_dark_skin_tone
🤸	person_doing_cartwheel	person_doing_cartwheel,cartwheel
🤸🏻	person_doing_cartwheel_tone1	person_doing_cartwheel_tone1,cartwheel_tone1
🤸🏼	person_doing_cartwheel_tone2	person_doing_cartwheel_tone2,cartwheel_tone2
🤸🏽	person_doing_cartwheel_tone3	person_doing_cartwheel_tone3,cartwheel_tone3
🤸🏾	person_doing_cartwheel_tone4	person_doing_cartwheel_tone4,cartwheel_tone4
🤸🏿	person_doing_cartwheel_tone5	person_doing_cartwheel_tone5,cartwheel_tone5
🤸‍♂️	man_cartwheeling	man_cartwheeling
🤸🏻‍♂️	man_cartwheeling_tone1	man_cartwheeling_tone1,man_cartwheeling_light_skin_tone
🤸🏼‍♂️	man_cartwheeling_tone2	man_cartwheeling_tone2,man_cartwheeling_medium_light_skin_tone
🤸🏽‍♂️	man_cartwheeling_tone3	man_cartwheeling_tone3,man_cartwheeling_medium_skin_tone
🤸🏾‍♂️	man_cartwheeling_tone4	man_cartwheeling_tone4,man_cartwheeling_medium_dark_skin_tone
🤸🏿‍♂️	man_cartwheeling_tone5	man_cartwheeling_tone5,man_cartwheeling_dark_skin_tone
🤸‍♀️	woman_cartwheeling	woman_cartwheeling
🤸🏻‍♀️	woman_cartwheeling_tone1	woman_cartwheeling_tone1,woman_cartwheeling_light_skin_tone
🤸🏼‍♀️	woman_cartwheeling_tone2	woman_cartwheeling_tone2,woman_cartwheeling_medium_light_skin_tone
🤸🏽‍♀️	woman_cartwheeling_tone3	woman_cartwheeling_tone3,woman_cartwheeling_medium_skin_tone
🤸🏾‍♀️	woman_cartwheeling_tone4	woman_cartwheeling_tone4,woman_cartwheeling_medium_dark_skin_tone
🤸🏿‍♀️	woman_cartwheeling_tone5	woman_cartwheeling_tone5,woman_cartwheeling_dark_skin_tone
🤼	people_wrestling	people_wrestling,wrestlers,wrestling
🤼🏻	people_wrestling_light_skin_tone	people_wrestling_light_skin_tone
🤼🏼	people_wrestling_medium_light_skin_tone	people_wrestling_medium_light_skin_tone
🤼🏽	people_wrestling_medium_skin_tone	people_wrestling_medium_skin_tone
🤼🏾	people_wrestling_medium_dark_skin_tone	people_wrestling_medium_dark_skin_tone
🤼🏿	people_wrestling_dark_skin_tone	people_wrestling_dark_skin_tone
🤼‍♂️	men_wrestling	men_wrestling
🤼🏻‍♂️	men_wrestling_light_skin_tone	men_wrestling_light_skin_tone
🤼🏼‍♂️	men_wrestling_medium_light_skin_tone	men_wrestling_medium_light_skin_tone
🤼🏽‍♂️	men_wrestling_medium_skin_tone	men_wrestling_medium_skin_tone
🤼🏾‍♂️	men_wrestling_medium_dark_skin_tone	men_wrestling_medium_dark_skin_tone
🤼🏿‍♂️	men_wrestling_dark_skin_tone	men_wrestling_dark_skin_tone
🤼‍♀️	women_wrestling	women_wrestling
🤼🏻‍♀️	women_wrestling_light_skin_tone	women_wrestling_light_skin_tone
🤼🏼‍♀️	women_wrestling_medium_light_skin_tone	women_wrestling_medium_light_skin_tone
🤼🏽‍♀️	women_wrestling_medium_skin_tone	women_wrestling_medium_skin_tone
🤼🏾‍♀️	women_wrestling_medium_dark_skin_tone	women_wrestling_medium_dark_skin_tone
🤼🏿‍♀️	women_wrestling_dark_skin_tone	women_wrestling_dark_skin_tone
🧑🏻‍🫯‍🧑🏼	people_wrestling_light_skin_tone_medium_light_skin_tone	people_wrestling_light_skin_tone_medium_light_skin_tone
🧑🏻‍🫯‍🧑🏽	people_wrestling_light_skin_tone_medium_skin_tone	people_wrestling_light_skin_tone_medium_skin_tone
🧑🏻‍🫯‍🧑🏾	people_wrestling_light_skin_tone_medium_dark_skin_tone	people_wrestling_light_skin_tone_medium_dark_skin_tone
🧑🏻‍🫯‍🧑🏿	people_wrestling_light_skin_tone_dark_skin_tone	people_wrestling_light_skin_tone_dark_skin_tone
🧑🏼‍🫯‍🧑🏻	people_wrestling_medium_light_skin_tone_light_skin_tone	people_wrestling_medium_light_skin_tone_light_skin_tone
🧑🏼‍🫯‍🧑🏽	people_wrestling_medium_light_skin_tone_medium_skin_tone	people_wrestling_medium_light_skin_tone_medium_skin_tone
🧑🏼‍🫯‍🧑🏾	people_wrestling_medium_light_skin_tone_medium_dark_skin_tone	people_wrestling_medium_light_skin_tone_medium_dark_skin_tone
🧑🏼‍🫯‍🧑🏿	people_wrestling_medium_light_skin_tone_dark_skin_tone	people_wrestling_medium_light_skin_tone_dark_skin_tone
🧑🏽‍🫯‍🧑🏻	people_wrestling_medium_skin_tone_light_skin_tone	people_wrestling_medium_skin_tone_light_skin_tone
🧑🏽‍🫯‍🧑🏼	people_wrestling_medium_skin_tone_medium_light_skin_tone	people_wrestling_medium_skin_tone_medium_light_skin_tone
🧑🏽‍🫯‍🧑🏾	people_wrestling_medium_skin_tone_medium_dark_skin_tone	people_wrestling_medium_skin_tone_medium_dark_skin_tone
🧑🏽‍🫯‍🧑🏿	people_wrestling_medium_skin_tone_dark_skin_tone	people_wrestling_medium_skin_tone_dark_skin_tone
🧑🏾‍🫯‍🧑🏻	people_wrestling_medium_dark_skin_tone_light_skin_tone	people_wrestling_medium_dark_skin_tone_light_skin_tone
🧑🏾‍🫯‍🧑🏼	people_wrestling_medium_dark_skin_tone_medium_light_skin_tone	people_wrestling_medium_dark_skin_tone_medium_light_skin_tone
🧑🏾‍🫯‍🧑🏽	people_wrestling_medium_dark_skin_tone_medium_skin_tone	people_wrestling_medium_dark_skin_tone_medium_skin_tone
🧑🏾‍🫯‍🧑🏿	people_wrestling_medium_dark_skin_tone_dark_skin_tone	people_wrestling_medium_dark_skin_tone_dark_skin_tone
🧑🏿‍🫯‍🧑🏻	people_wrestling_dark_skin_tone_light_skin_tone	people_wrestling_dark_skin_tone_light_skin_tone
🧑🏿‍🫯‍🧑🏼	people_wrestling_dark_skin_tone_medium_light_skin_tone	people_wrestling_dark_skin_tone_medium_light_skin_tone
🧑🏿‍🫯‍🧑🏽	people_wrestling_dark_skin_tone_medium_skin_tone	people_wrestling_dark_skin_tone_medium_skin_tone
🧑🏿‍🫯‍🧑🏾	people_wrestling_dark_skin_tone_medium_dark_skin_tone	people_wrestling_dark_skin_tone_medium_dark_skin_tone
👨🏻‍🫯‍👨🏼	men_wrestling_light_skin_tone_medium_light_skin_tone	men_wrestling_light_skin_tone_medium_light_skin_tone
👨🏻‍🫯‍👨🏽	men_wrestling_light_skin_tone_medium_skin_tone	men_wrestling_light_skin_tone_medium_skin_tone
👨🏻‍🫯‍👨🏾	men_wrestling_light_skin_tone_medium_dark_skin_tone	men_wrestling_light_skin_tone_medium_dark_skin_tone
👨🏻‍🫯‍👨🏿	men_wrestling_light_skin_tone_dark_skin_tone	men_wrestling_light_skin_tone_dark_skin_tone
👨🏼‍🫯‍👨🏻	men_wrestling_medium_light_skin_tone_light_skin_tone	men_wrestling_medium_light_skin_tone_light_skin_tone
👨🏼‍🫯‍👨🏽	men_wrestling_medium_light_skin_tone_medium_skin_tone	men_wrestling_medium_light_skin_tone_medium_skin_tone
👨🏼‍🫯‍👨🏾	men_wrestling_medium_light_skin_tone_medium_dark_skin_tone	men_wrestling_medium_light_skin_tone_medium_dark_skin_tone
👨🏼‍🫯‍👨🏿	men_wrestling_medium_light_skin_tone_dark_skin_tone	men_wrestling_medium_light_skin_tone_dark_skin_tone
👨🏽‍🫯‍👨🏻	men_wrestling_medium_skin_tone_light_skin_tone	men_wrestling_medium_skin_tone_light_skin_tone
👨🏽‍🫯‍👨🏼	men_wrestling_medium_skin_tone_medium_light_skin_tone	men_wrestling_medium_skin_tone_medium_light_skin_tone
👨🏽‍🫯‍👨🏾	men_wrestling_medium_skin_tone_medium_dark_skin_tone	men_wrestling_medium_skin_tone_medium_dark_skin_tone
👨🏽‍🫯‍👨🏿	men_wrestling_medium_skin_tone_dark_skin_tone	men_wrestling_medium_skin_tone_dark_skin_tone
👨🏾‍🫯‍👨🏻	men_wrestling_medium_dark_skin_tone_light_skin_tone	men_wrestling_medium_dark_skin_tone_light_skin_tone
👨🏾‍🫯‍👨🏼	men_wrestling_medium_dark_skin_tone_medium_light_skin_tone	men_wrestling_medium_dark_skin_tone_medium_light_skin_tone
👨🏾‍🫯‍👨🏽	men_wrestling_medium_dark_skin_tone_medium_skin_tone	men_wrestling_medium_dark_skin_tone_medium_skin_tone
👨🏾‍🫯‍👨🏿	men_wrestling_medium_dark_skin_tone_dark_skin_tone	men_wrestling_medium_dark_skin_tone_dark_skin_tone
👨🏿‍🫯‍👨🏻	men_wrestling_dark_skin_tone_light_skin_tone	men_wrestling_dark_skin_tone_light_skin_tone
👨🏿‍🫯‍👨🏼	men_wrestling_dark_skin_tone_medium_light_skin_tone	men_wrestling_dark_skin_tone_medium_light_skin_tone
👨🏿‍🫯‍👨🏽	men_wrestling_dark_skin_tone_medium_skin_tone	men_wrestling_dark_skin_tone_medium_skin_tone
👨🏿‍🫯‍👨🏾	men_wrestling_dark_skin_tone_medium_dark_skin_tone	men_wrestling_dark_skin_tone_medium_dark_skin_tone
👩🏻‍🫯‍👩🏼	women_wrestling_light_skin_tone_medium_light_skin_tone	women_wrestling_light_skin_tone_medium_light_skin_tone
👩🏻‍🫯‍👩🏽	women_wrestling_light_skin_tone_medium_skin_tone	women_wrestling_light_skin_tone_medium_skin_tone
👩🏻‍🫯‍👩🏾	women_wrestling_light_skin_tone_medium_dark_skin_tone	women_wrestling_light_skin_tone_medium_dark_skin_tone
👩🏻‍🫯‍👩🏿	women_wrestling_light_skin_tone_dark_skin_tone	women_wrestling_light_skin_tone_dark_skin_tone
👩🏼‍🫯‍👩🏻	women_wrestling_medium_light_skin_tone_light_skin_tone	women_wrestling_medium_light_skin_tone_light_skin_tone
👩🏼‍🫯‍👩🏽	women_wrestling_medium_light_skin_tone_medium_skin_tone	women_wrestling_medium_light_skin_tone_medium_skin_tone
👩🏼‍🫯‍👩🏾	women_wrestling_medium_light_skin_tone_medium_dark_skin_tone	women_wrestling_medium_light_skin_tone_medium_dark_skin_tone
👩🏼‍🫯‍👩🏿	women_wrestling_medium_light_skin_tone_dark_skin_tone	women_wrestling_medium_light_skin_tone_dark_skin_tone
👩🏽‍🫯‍👩🏻	women_wrestling_medium_skin_tone_light_skin_tone	women_wrestling_medium_skin_tone_light_skin_tone
👩🏽‍🫯‍👩🏼	women_wrestling_medium_skin_tone_medium_light_skin_tone	women_wrestling_medium_skin_tone_medium_light_skin_tone
👩🏽‍🫯‍👩🏾	women_wrestling_medium_skin_tone_medium_dark_skin_tone	women_wrestling_medium_skin_tone_medium_dark_skin_tone
👩🏽‍🫯‍👩🏿	women_wrestling_medium_skin_tone_dark_skin_tone	women_wrestling_medium_skin_tone_dark_skin_tone
👩🏾‍🫯‍👩🏻	women_wrestling_medium_dark_skin_tone_light_skin_tone	women_wrestling_medium_dark_skin_tone_light_skin_tone
👩🏾‍🫯‍👩🏼	women_wrestling_medium_dark_skin_tone_medium_light_skin_tone	women_wrestling_medium_dark_skin_tone_medium_light_skin_tone
👩🏾‍🫯‍👩🏽	women_wrestling_medium_dark_skin_tone_medium_skin_tone	women_wrestling_medium_dark_skin_tone_medium_skin_tone
👩🏾‍🫯‍👩🏿	women_wrestling_medium_dark_skin_tone_dark_skin_tone	women_wrestling_medium_dark_skin_tone_dark_skin_tone
👩🏿‍🫯‍👩🏻	women_wrestling_dark_skin_tone_light_skin_tone	women_wrestling_dark_skin_tone_light_skin_tone
👩🏿‍🫯‍👩🏼	women_wrestling_dark_skin_tone_medium_light_skin_tone	women_wrestling_dark_skin_tone_medium_light_skin_tone
👩🏿‍🫯‍👩🏽	women_wrestling_dark_skin_tone_medium_skin_tone	women_wrestling_dark_skin_tone_medium_skin_tone
👩🏿‍🫯‍👩🏾	women_wrestling_dark_skin_tone_medium_dark_skin_tone	women_wrestling_dark_skin_tone_medium_dark_skin_tone
🤽	person_playing_water_polo	person_playing_water_polo,water_polo
🤽🏻	person_playing_water_polo_tone1	person_playing_water_polo_tone1,water_polo_tone1
🤽🏼	person_playing_water_polo_tone2	person_playing_water_polo_tone2,water_polo_tone2
🤽🏽	person_playing_water_polo_tone3	person_playing_water_polo_tone3,water_polo_tone3
🤽🏾	person_playing_water_polo_tone4	person_playing_water_polo_tone4,water_polo_tone4
🤽🏿	person_playing_water_polo_tone5	person_playing_water_polo_tone5,water_polo_tone5
🤽‍♂️	man_playing_water_polo	man_playing_water_polo
🤽🏻‍♂️	man_playing_water_polo_tone1	man_playing_water_polo_tone1,man_playing_water_polo_light_skin_tone
🤽🏼‍♂️	man_playing_water_polo_tone2	man_playing_water_polo_tone2,man_playing_water_polo_medium_light_skin_tone
🤽🏽‍♂️	man_playing_water_polo_tone3	man_playing_water_polo_tone3,man_playing_water_polo_medium_skin_tone
🤽🏾‍♂️	man_playing_water_polo_tone4	man_playing_water_polo_tone4,man_playing_water_polo_medium_dark_skin_tone
🤽🏿‍♂️	man_playing_water_polo_tone5	man_playing_water_polo_tone5,man_playing_water_polo_dark_skin_tone
🤽‍♀️	woman_playing_water_polo	woman_playing_water_polo
🤽🏻‍♀️	woman_playing_water_polo_tone1	woman_playing_water_polo_tone1,woman_playing_water_polo_light_skin_tone
🤽🏼‍♀️	woman_playing_water_polo_tone2	woman_playing_water_polo_tone2,woman_playing_water_polo_medium_light_skin_tone
🤽🏽‍♀️	woman_playing_water_polo_tone3	woman_playing_water_polo_tone3,woman_playing_water_polo_medium_skin_tone
🤽🏾‍♀️	woman_playing_water_polo_tone4	woman_playing_water_polo_tone4,woman_playing_water_polo_medium_dark_skin_tone
🤽🏿‍♀️	woman_playing_water_polo_tone5	woman_playing_water_polo_tone5,woman_playing_water_polo_dark_skin_tone
🤾	person_playing_handball	person_playing_handball,handball
🤾🏻	person_playing_handball_tone1	person_playing_handball_tone1,handball_tone1
🤾🏼	person_playing_handball_tone2	person_playing_handball_tone2,handball_tone2
🤾🏽	person_playing_handball_tone3	person_playing_handball_tone3,handball_tone3
🤾🏾	person_playing_handball_tone4	person_playing_handball_tone4,handball_tone4
🤾🏿	person_playing_handball_tone5	person_playing_handball_tone5,handball_tone5
🤾‍♂️	man_playing_handball	man_playing_handball
🤾🏻‍♂️	man_playing_handball_tone1	man_playing_handball_tone1,man_playing_handball_light_skin_tone
🤾🏼‍♂️	man_playing_handball_tone2	man_playing_handball_tone2,man_playing_handball_medium_light_skin_tone
🤾🏽‍♂️	man_playing_handball_tone3	man_playing_handball_tone3,man_playing_handball_medium_skin_tone
🤾🏾‍♂️	man_playing_handball_tone4	man_playing_handball_tone4,man_playing_handball_medium_dark_skin_tone
🤾🏿‍♂️	man_playing_handball_tone5	man_playing_handball_tone5,man_playing_handball_dark_skin_tone
🤾‍♀️	woman_playing_handball	woman_playing_handball
🤾🏻‍♀️	woman_playing_handball_tone1	woman_playing_handball_tone1,woman_playing_handball_light_skin_tone
🤾🏼‍♀️	woman_playing_handball_tone2	woman_playing_handball_tone2,woman_playing_handball_medium_light_skin_tone
🤾🏽‍♀️	woman_playing_handball_tone3	woman_playing_handball_tone3,woman_playing_handball_medium_skin_tone
🤾🏾‍♀️	woman_playing_handball_tone4	woman_playing_handball_tone4,woman_playing_handball_medium_dark_skin_tone
🤾🏿‍♀️	woman_playing_handball_tone5	woman_playing_handball_tone5,woman_playing_handball_dark_skin_tone
🤹	person_juggling	person_juggling,juggling,juggler
🤹🏻	person_juggling_tone1	person_juggling_tone1,juggling_tone1,juggler_tone1
🤹🏼	person_juggling_tone2	person_juggling_tone2,juggling_tone2,juggler_tone2
🤹🏽	person_juggling_tone3	person_juggling_tone3,juggling_tone3,juggler_tone3
🤹🏾	person_juggling_tone4	person_juggling_tone4,juggling_tone4,juggler_tone4
🤹🏿	person_juggling_tone5	person_juggling_tone5,juggling_tone5,juggler_tone5
🤹‍♂️	man_juggling	man_juggling
🤹🏻‍♂️	man_juggling_tone1	man_juggling_tone1,man_juggling_light_skin_tone
🤹🏼‍♂️	man_juggling_tone2	man_juggling_tone2,man_juggling_medium_light_skin_tone
🤹🏽‍♂️	man_juggling_tone3	man_juggling_tone3,man_juggling_medium_skin_tone
🤹🏾‍♂️	man_juggling_tone4	man_juggling_tone4,man_juggling_medium_dark_skin_tone
🤹🏿‍♂️	man_juggling_tone5	man_juggling_tone5,man_juggling_dark_skin_tone
🤹‍♀️	woman_juggling	woman_juggling
🤹🏻‍♀️	woman_juggling_tone1	woman_juggling_tone1,woman_juggling_light_skin_tone
🤹🏼‍♀️	woman_juggling_tone2	woman_juggling_tone2,woman_juggling_medium_light_skin_tone
🤹🏽‍♀️	woman_juggling_tone3	woman_juggling_tone3,woman_juggling_medium_skin_tone
🤹🏾‍♀️	woman_juggling_tone4	woman_juggling_tone4,woman_juggling_medium_dark_skin_tone
🤹🏿‍♀️	woman_juggling_tone5	woman_juggling_tone5,woman_juggling_dark_skin_tone
🧘	person_in_lotus_position	person_in_lotus_position
🧘🏻	person_in_lotus_position_tone1	person_in_lotus_position_tone1,person_in_lotus_position_light_skin_tone
🧘🏼	person_in_lotus_position_tone2	person_in_lotus_position_tone2,person_in_lotus_position_medium_light_skin_tone
🧘🏽	person_in_lotus_position_tone3	person_in_lotus_position_tone3,person_in_lotus_position_medium_skin_tone
🧘🏾	person_in_lotus_position_tone4	person_in_lotus_position_tone4,person_in_lotus_position_medium_dark_skin_tone
🧘🏿	person_in_lotus_position_tone5	person_in_lotus_position_tone5,person_in_lotus_position_dark_skin_tone
🧘‍♂️	man_in_lotus_position	man_in_lotus_position
🧘🏻‍♂️	man_in_lotus_position_tone1	man_in_lotus_position_tone1,man_in_lotus_position_light_skin_tone
🧘🏼‍♂️	man_in_lotus_position_tone2	man_in_lotus_position_tone2,man_in_lotus_position_medium_light_skin_tone
🧘🏽‍♂️	man_in_lotus_position_tone3	man_in_lotus_position_tone3,man_in_lotus_position_medium_skin_tone
🧘🏾‍♂️	man_in_lotus_position_tone4	man_in_lotus_position_tone4,man_in_lotus_position_medium_dark_skin_tone
🧘🏿‍♂️	man_in_lotus_position_tone5	man_in_lotus_position_tone5,man_in_lotus_position_dark_skin_tone
🧘‍♀️	woman_in_lotus_position	woman_in_lotus_position
🧘🏻‍♀️	woman_in_lotus_position_tone1	woman_in_lotus_position_tone1,woman_in_lotus_position_light_skin_tone
🧘🏼‍♀️	woman_in_lotus_position_tone2	woman_in_lotus_position_tone2,woman_in_lotus_position_medium_light_skin_tone
🧘🏽‍♀️	woman_in_lotus_position_tone3	woman_in_lotus_position_tone3,woman_in_lotus_position_medium_skin_tone
🧘🏾‍♀️	woman_in_lotus_position_tone4	woman_in_lotus_position_tone4,woman_in_lotus_position_medium_dark_skin_tone
🧘🏿‍♀️	woman_in_lotus_position_tone5	woman_in_lotus_position_tone5,woman_in_lotus_position_dark_skin_tone
🛀	bath	bath
🛀🏻	bath_tone1	bath_tone1
🛀🏼	bath_tone2	bath_tone2
🛀🏽	bath_tone3	bath_tone3
🛀🏾	bath_tone4	bath_tone4
🛀🏿	bath_tone5	bath_tone5
🛌	sleeping_accommodation	sleeping_accommodation,person_in_bed
🛌🏻	person_in_bed_tone1	person_in_bed_tone1,person_in_bed_light_skin_tone
🛌🏼	person_in_bed_tone2	person_in_bed_tone2,person_in_bed_medium_light_skin_tone
🛌🏽	person_in_bed_tone3	person_in_bed_tone3,person_in_bed_medium_skin_tone
🛌🏾	person_in_bed_tone4	person_in_bed_tone4,person_in_bed_medium_dark_skin_tone
🛌🏿	person_in_bed_tone5	person_in_bed_tone5,person_in_bed_dark_skin_tone
🧑‍🤝‍🧑	people_holding_hands	people_holding_hands
🧑🏻‍🤝‍🧑🏻	people_holding_hands_tone1	people_holding_hands_tone1,people_holding_hands_light_skin_tone
🧑🏻‍🤝‍🧑🏼	people_holding_hands_tone1_tone2	people_holding_hands_tone1_tone2,people_holding_hands_light_skin_tone_medium_light_skin_tone
🧑🏻‍🤝‍🧑🏽	people_holding_hands_tone1_tone3	people_holding_hands_tone1_tone3,people_holding_hands_light_skin_tone_medium_skin_tone
🧑🏻‍🤝‍🧑🏾	people_holding_hands_tone1_tone4	people_holding_hands_tone1_tone4,people_holding_hands_light_skin_tone_medium_dark_skin_tone
🧑🏻‍🤝‍🧑🏿	people_holding_hands_tone1_tone5	people_holding_hands_tone1_tone5,people_holding_hands_light_skin_tone_dark_skin_tone
🧑🏼‍🤝‍🧑🏻	people_holding_hands_tone2_tone1	people_holding_hands_tone2_tone1,people_holding_hands_medium_light_skin_tone_light_skin_tone
🧑🏼‍🤝‍🧑🏼	people_holding_hands_tone2	people_holding_hands_tone2,people_holding_hands_medium_light_skin_tone
🧑🏼‍🤝‍🧑🏽	people_holding_hands_tone2_tone3	people_holding_hands_tone2_tone3,people_holding_hands_medium_light_skin_tone_medium_skin_tone
🧑🏼‍🤝‍🧑🏾	people_holding_hands_tone2_tone4	people_holding_hands_tone2_tone4,people_holding_hands_medium_light_skin_tone_medium_dark_skin_tone
🧑🏼‍🤝‍🧑🏿	people_holding_hands_tone2_tone5	people_holding_hands_tone2_tone5,people_holding_hands_medium_light_skin_tone_dark_skin_tone
🧑🏽‍🤝‍🧑🏻	people_holding_hands_tone3_tone1	people_holding_hands_tone3_tone1,people_holding_hands_medium_skin_tone_light_skin_tone
🧑🏽‍🤝‍🧑🏼	people_holding_hands_tone3_tone2	people_holding_hands_tone3_tone2,people_holding_hands_medium_skin_tone_medium_light_skin_tone
🧑🏽‍🤝‍🧑🏽	people_holding_hands_tone3	people_holding_hands_tone3,people_holding_hands_medium_skin_tone
🧑🏽‍🤝‍🧑🏾	people_holding_hands_tone3_tone4	people_holding_hands_tone3_tone4,people_holding_hands_medium_skin_tone_medium_dark_skin_tone
🧑🏽‍🤝‍🧑🏿	people_holding_hands_tone3_tone5	people_holding_hands_tone3_tone5,people_holding_hands_medium_skin_tone_dark_skin_tone
🧑🏾‍🤝‍🧑🏻	people_holding_hands_tone4_tone1	people_holding_hands_tone4_tone1,people_holding_hands_medium_dark_skin_tone_light_skin_tone
🧑🏾‍🤝‍🧑🏼	people_holding_hands_tone4_tone2	people_holding_hands_tone4_tone2,people_holding_hands_medium_dark_skin_tone_medium_light_skin_tone
🧑🏾‍🤝‍🧑🏽	people_holding_hands_tone4_tone3	people_holding_hands_tone4_tone3,people_holding_hands_medium_dark_skin_tone_medium_skin_tone
🧑🏾‍🤝‍🧑🏾	people_holding_hands_tone4	people_holding_hands_tone4,people_holding_hands_medium_dark_skin_tone
🧑🏾‍🤝‍🧑🏿	people_holding_hands_tone4_tone5	people_holding_hands_tone4_tone5,people_holding_hands_medium_dark_skin_tone_dark_skin_tone
🧑🏿‍🤝‍🧑🏻	people_holding_hands_tone5_tone1	people_holding_hands_tone5_tone1,people_holding_hands_dark_skin_tone_light_skin_tone
🧑🏿‍🤝‍🧑🏼	people_holding_hands_tone5_tone2	people_holding_hands_tone5_tone2,people_holding_hands_dark_skin_tone_medium_light_skin_tone
🧑🏿‍🤝‍🧑🏽	people_holding_hands_tone5_tone3	people_holding_hands_tone5_tone3,people_holding_hands_dark_skin_tone_medium_skin_tone
🧑🏿‍🤝‍🧑🏾	people_holding_hands_tone5_tone4	people_holding_hands_tone5_tone4,people_holding_hands_dark_skin_tone_medium_dark_skin_tone
🧑🏿‍🤝‍🧑🏿	people_holding_hands_tone5	people_holding_hands_tone5,people_holding_hands_dark_skin_tone
👭	two_women_holding_hands	two_women_holding_hands
👭🏻	women_holding_hands_tone1	women_holding_hands_tone1,women_holding_hands_light_skin_tone
👩🏻‍🤝‍👩🏼	women_holding_hands_tone1_tone2	women_holding_hands_tone1_tone2,women_holding_hands_light_skin_tone_medium_light_skin_tone
👩🏻‍🤝‍👩🏽	women_holding_hands_tone1_tone3	women_holding_hands_tone1_tone3,women_holding_hands_light_skin_tone_medium_skin_tone
👩🏻‍🤝‍👩🏾	women_holding_hands_tone1_tone4	women_holding_hands_tone1_tone4,women_holding_hands_light_skin_tone_medium_dark_skin_tone
👩🏻‍🤝‍👩🏿	women_holding_hands_tone1_tone5	women_holding_hands_tone1_tone5,women_holding_hands_light_skin_tone_dark_skin_tone
👩🏼‍🤝‍👩🏻	women_holding_hands_tone2_tone1	women_holding_hands_tone2_tone1,women_holding_hands_medium_light_skin_tone_light_skin_tone
👭🏼	women_holding_hands_tone2	women_holding_hands_tone2,women_holding_hands_medium_light_skin_tone
👩🏼‍🤝‍👩🏽	women_holding_hands_tone2_tone3	women_holding_hands_tone2_tone3,women_holding_hands_medium_light_skin_tone_medium_skin_tone
👩🏼‍🤝‍👩🏾	women_holding_hands_tone2_tone4	women_holding_hands_tone2_tone4,women_holding_hands_medium_light_skin_tone_medium_dark_skin_tone
👩🏼‍🤝‍👩🏿	women_holding_hands_tone2_tone5	women_holding_hands_tone2_tone5,women_holding_hands_medium_light_skin_tone_dark_skin_tone
👩🏽‍🤝‍👩🏻	women_holding_hands_tone3_tone1	women_holding_hands_tone3_tone1,women_holding_hands_medium_skin_tone_light_skin_tone
👩🏽‍🤝‍👩🏼	women_holding_hands_tone3_tone2	women_holding_hands_tone3_tone2,women_holding_hands_medium_skin_tone_medium_light_skin_tone
👭🏽	women_holding_hands_tone3	women_holding_hands_tone3,women_holding_hands_medium_skin_tone
👩🏽‍🤝‍👩🏾	women_holding_hands_tone3_tone4	women_holding_hands_tone3_tone4,women_holding_hands_medium_skin_tone_medium_dark_skin_tone
👩🏽‍🤝‍👩🏿	women_holding_hands_tone3_tone5	women_holding_hands_tone3_tone5,women_holding_hands_medium_skin_tone_dark_skin_tone
👩🏾‍🤝‍👩🏻	women_holding_hands_tone4_tone1	women_holding_hands_tone4_tone1,women_holding_hands_medium_dark_skin_tone_light_skin_tone
👩🏾‍🤝‍👩🏼	women_holding_hands_tone4_tone2	women_holding_hands_tone4_tone2,women_holding_hands_medium_dark_skin_tone_medium_light_skin_tone
👩🏾‍🤝‍👩🏽	women_holding_hands_tone4_tone3	women_holding_hands_tone4_tone3,women_holding_hands_medium_dark_skin_tone_medium_skin_tone
👭🏾	women_holding_hands_tone4	women_holding_hands_tone4,women_holding_hands_medium_dark_skin_tone
👩🏾‍🤝‍👩🏿	women_holding_hands_tone4_tone5	women_holding_hands_tone4_tone5,women_holding_hands_medium_dark_skin_tone_dark_skin_tone
👩🏿‍🤝‍👩🏻	women_holding_hands_tone5_tone1	women_holding_hands_tone5_tone1,women_holding_hands_dark_skin_tone_light_skin_tone
👩🏿‍🤝‍👩🏼	women_holding_hands_tone5_tone2	women_holding_hands_tone5_tone2,women_holding_hands_dark_skin_tone_medium_light_skin_tone
👩🏿‍🤝‍👩🏽	women_holding_hands_tone5_tone3	women_holding_hands_tone5_tone3,women_holding_hands_dark_skin_tone_medium_skin_tone
👩🏿‍🤝‍👩🏾	women_holding_hands_tone5_tone4	women_holding_hands_tone5_tone4,women_holding_hands_dark_skin_tone_medium_dark_skin_tone
👭🏿	women_holding_hands_tone5	women_holding_hands_tone5,women_holding_hands_dark_skin_tone
👫	couple	couple
👫🏻	woman_and_man_holding_hands_tone1	woman_and_man_holding_hands_tone1,woman_and_man_holding_hands_light_skin_tone
👩🏻‍🤝‍👨🏼	woman_and_man_holding_hands_tone1_tone2	woman_and_man_holding_hands_tone1_tone2,woman_and_man_holding_hands_light_skin_tone_medium_light_skin_tone
👩🏻‍🤝‍👨🏽	woman_and_man_holding_hands_tone1_tone3	woman_and_man_holding_hands_tone1_tone3,woman_and_man_holding_hands_light_skin_tone_medium_skin_tone
👩🏻‍🤝‍👨🏾	woman_and_man_holding_hands_tone1_tone4	woman_and_man_holding_hands_tone1_tone4,woman_and_man_holding_hands_light_skin_tone_medium_dark_skin_tone
👩🏻‍🤝‍👨🏿	woman_and_man_holding_hands_tone1_tone5	woman_and_man_holding_hands_tone1_tone5,woman_and_man_holding_hands_light_skin_tone_dark_skin_tone
👩🏼‍🤝‍👨🏻	woman_and_man_holding_hands_tone2_tone1	woman_and_man_holding_hands_tone2_tone1,woman_and_man_holding_hands_medium_light_skin_tone_light_skin_tone
👫🏼	woman_and_man_holding_hands_tone2	woman_and_man_holding_hands_tone2,woman_and_man_holding_hands_medium_light_skin_tone
👩🏼‍🤝‍👨🏽	woman_and_man_holding_hands_tone2_tone3	woman_and_man_holding_hands_tone2_tone3,woman_and_man_holding_hands_medium_light_skin_tone_medium_skin_tone
👩🏼‍🤝‍👨🏾	woman_and_man_holding_hands_tone2_tone4	woman_and_man_holding_hands_tone2_tone4,woman_and_man_holding_hands_medium_light_skin_tone_medium_dark_skin_tone
👩🏼‍🤝‍👨🏿	woman_and_man_holding_hands_tone2_tone5	woman_and_man_holding_hands_tone2_tone5,woman_and_man_holding_hands_medium_light_skin_tone_dark_skin_tone
👩🏽‍🤝‍👨🏻	woman_and_man_holding_hands_tone3_tone1	woman_and_man_holding_hands_tone3_tone1,woman_and_man_holding_hands_medium_skin_tone_light_skin_tone
👩🏽‍🤝‍👨🏼	woman_and_man_holding_hands_tone3_tone2	woman_and_man_holding_hands_tone3_tone2,woman_and_man_holding_hands_medium_skin_tone_medium_light_skin_tone
👫🏽	woman_and_man_holding_hands_tone3	woman_and_man_holding_hands_tone3,woman_and_man_holding_hands_medium_skin_tone
👩🏽‍🤝‍👨🏾	woman_and_man_holding_hands_tone3_tone4	woman_and_man_holding_hands_tone3_tone4,woman_and_man_holding_hands_medium_skin_tone_medium_dark_skin_tone
👩🏽‍🤝‍👨🏿	woman_and_man_holding_hands_tone3_tone5	woman_and_man_holding_hands_tone3_tone5,woman_and_man_holding_hands_medium_skin_tone_dark_skin_tone
👩🏾‍🤝‍👨🏻	woman_and_man_holding_hands_tone4_tone1	woman_and_man_holding_hands_tone4_tone1,woman_and_man_holding_hands_medium_dark_skin_tone_light_skin_tone
👩🏾‍🤝‍👨🏼	woman_and_man_holding_hands_tone4_tone2	woman_and_man_holding_hands_tone4_tone2,woman_and_man_holding_hands_medium_dark_skin_tone_medium_light_skin_tone
👩🏾‍🤝‍👨🏽	woman_and_man_holding_hands_tone4_tone3	woman_and_man_holding_hands_tone4_tone3,woman_and_man_holding_hands_medium_dark_skin_tone_medium_skin_tone
👫🏾	woman_and_man_holding_hands_tone4	woman_and_man_holding_hands_tone4,woman_and_man_holding_hands_medium_dark_skin_tone
👩🏾‍🤝‍👨🏿	woman_and_man_holding_hands_tone4_tone5	woman_and_man_holding_hands_tone4_tone5,woman_and_man_holding_hands_medium_dark_skin_tone_dark_skin_tone
👩🏿‍🤝‍👨🏻	woman_and_man_holding_hands_tone5_tone1	woman_and_man_holding_hands_tone5_tone1,woman_and_man_holding_hands_dark_skin_tone_light_skin_tone
👩🏿‍🤝‍👨🏼	woman_and_man_holding_hands_tone5_tone2	woman_and_man_holding_hands_tone5_tone2,woman_and_man_holding_hands_dark_skin_tone_medium_light_skin_tone
👩🏿‍🤝‍👨🏽	woman_and_man_holding_hands_tone5_tone3	woman_and_man_holding_hands_tone5_tone3,woman_and_man_holding_hands_dark_skin_tone_medium_skin_tone
👩🏿‍🤝‍👨🏾	woman_and_man_holding_hands_tone5_tone4	woman_and_man_holding_hands_tone5_tone4,woman_and_man_holding_hands_dark_skin_tone_medium_dark_skin_tone
👫🏿	woman_and_man_holding_hands_tone5	woman_and_man_holding_hands_tone5,woman_and_man_holding_hands_dark_skin_tone
👬	two_men_holding_hands	two_men_holding_hands
👬🏻	men_holding_hands_tone1	men_holding_hands_tone1,men_holding_hands_light_skin_tone
👨🏻‍🤝‍👨🏼	men_holding_hands_tone1_tone2	men_holding_hands_tone1_tone2,men_holding_hands_light_skin_tone_medium_light_skin_tone
👨🏻‍🤝‍👨🏽	men_holding_hands_tone1_tone3	men_holding_hands_tone1_tone3,men_holding_hands_light_skin_tone_medium_skin_tone
👨🏻‍🤝‍👨🏾	men_holding_hands_tone1_tone4	men_holding_hands_tone1_tone4,men_holding_hands_light_skin_tone_medium_dark_skin_tone
👨🏻‍🤝‍👨🏿	men_holding_hands_tone1_tone5	men_holding_hands_tone1_tone5,men_holding_hands_light_skin_tone_dark_skin_tone
👨🏼‍🤝‍👨🏻	men_holding_hands_tone2_tone1	men_holding_hands_tone2_tone1,men_holding_hands_medium_light_skin_tone_light_skin_tone
👬🏼	men_holding_hands_tone2	men_holding_hands_tone2,men_holding_hands_medium_light_skin_tone
👨🏼‍🤝‍👨🏽	men_holding_hands_tone2_tone3	men_holding_hands_tone2_tone3,men_holding_hands_medium_light_skin_tone_medium_skin_tone
👨🏼‍🤝‍👨🏾	men_holding_hands_tone2_tone4	men_holding_hands_tone2_tone4,men_holding_hands_medium_light_skin_tone_medium_dark_skin_tone
👨🏼‍🤝‍👨🏿	men_holding_hands_tone2_tone5	men_holding_hands_tone2_tone5,men_holding_hands_medium_light_skin_tone_dark_skin_tone
👨🏽‍🤝‍👨🏻	men_holding_hands_tone3_tone1	men_holding_hands_tone3_tone1,men_holding_hands_medium_skin_tone_light_skin_tone
👨🏽‍🤝‍👨🏼	men_holding_hands_tone3_tone2	men_holding_hands_tone3_tone2,men_holding_hands_medium_skin_tone_medium_light_skin_tone
👬🏽	men_holding_hands_tone3	men_holding_hands_tone3,men_holding_hands_medium_skin_tone
👨🏽‍🤝‍👨🏾	men_holding_hands_tone3_tone4	men_holding_hands_tone3_tone4,men_holding_hands_medium_skin_tone_medium_dark_skin_tone
👨🏽‍🤝‍👨🏿	men_holding_hands_tone3_tone5	men_holding_hands_tone3_tone5,men_holding_hands_medium_skin_tone_dark_skin_tone
👨🏾‍🤝‍👨🏻	men_holding_hands_tone4_tone1	men_holding_hands_tone4_tone1,men_holding_hands_medium_dark_skin_tone_light_skin_tone
👨🏾‍🤝‍👨🏼	men_holding_hands_tone4_tone2	men_holding_hands_tone4_tone2,men_holding_hands_medium_dark_skin_tone_medium_light_skin_tone
👨🏾‍🤝‍👨🏽	men_holding_hands_tone4_tone3	men_holding_hands_tone4_tone3,men_holding_hands_medium_dark_skin_tone_medium_skin_tone
👬🏾	men_holding_hands_tone4	men_holding_hands_tone4,men_holding_hands_medium_dark_skin_tone
👨🏾‍🤝‍👨🏿	men_holding_hands_tone4_tone5	men_holding_hands_tone4_tone5,men_holding_hands_medium_dark_skin_tone_dark_skin_tone
👨🏿‍🤝‍👨🏻	men_holding_hands_tone5_tone1	men_holding_hands_tone5_tone1,men_holding_hands_dark_skin_tone_light_skin_tone
👨🏿‍🤝‍👨🏼	men_holding_hands_tone5_tone2	men_holding_hands_tone5_tone2,men_holding_hands_dark_skin_tone_medium_light_skin_tone
👨🏿‍🤝‍👨🏽	men_holding_hands_tone5_tone3	men_holding_hands_tone5_tone3,men_holding_hands_dark_skin_tone_medium_skin_tone
👨🏿‍🤝‍👨🏾	men_holding_hands_tone5_tone4	men_holding_hands_tone5_tone4,men_holding_hands_dark_skin_tone_medium_dark_skin_tone
👬🏿	men_holding_hands_tone5	men_holding_hands_tone5,men_holding_hands_dark_skin_tone
💏	couplekiss	couplekiss
💏🏻	kiss_tone1	kiss_tone1,kiss_light_skin_tone
💏🏼	kiss_tone2	kiss_tone2,kiss_medium_light_skin_tone
💏🏽	kiss_tone3	kiss_tone3,kiss_medium_skin_tone
💏🏾	kiss_tone4	kiss_tone4,kiss_medium_dark_skin_tone
💏🏿	kiss_tone5	kiss_tone5,kiss_dark_skin_tone
🧑🏻‍❤️‍💋‍🧑🏼	kiss_person_person_tone1_tone2	kiss_person_person_tone1_tone2,kiss_person_person_light_skin_tone_medium_light_skin_tone
🧑🏻‍❤️‍💋‍🧑🏽	kiss_person_person_tone1_tone3	kiss_person_person_tone1_tone3,kiss_person_person_light_skin_tone_medium_skin_tone
🧑🏻‍❤️‍💋‍🧑🏾	kiss_person_person_tone1_tone4	kiss_person_person_tone1_tone4,kiss_person_person_light_skin_tone_medium_dark_skin_tone
🧑🏻‍❤️‍💋‍🧑🏿	kiss_person_person_tone1_tone5	kiss_person_person_tone1_tone5,kiss_person_person_light_skin_tone_dark_skin_tone
🧑🏼‍❤️‍💋‍🧑🏻	kiss_person_person_tone2_tone1	kiss_person_person_tone2_tone1,kiss_person_person_medium_light_skin_tone_light_skin_tone
🧑🏼‍❤️‍💋‍🧑🏽	kiss_person_person_tone2_tone3	kiss_person_person_tone2_tone3,kiss_person_person_medium_light_skin_tone_medium_skin_tone
🧑🏼‍❤️‍💋‍🧑🏾	kiss_person_person_tone2_tone4	kiss_person_person_tone2_tone4,kiss_person_person_medium_light_skin_tone_medium_dark_skin_tone
🧑🏼‍❤️‍💋‍🧑🏿	kiss_person_person_tone2_tone5	kiss_person_person_tone2_tone5,kiss_person_person_medium_light_skin_tone_dark_skin_tone
🧑🏽‍❤️‍💋‍🧑🏻	kiss_person_person_tone3_tone1	kiss_person_person_tone3_tone1,kiss_person_person_medium_skin_tone_light_skin_tone
🧑🏽‍❤️‍💋‍🧑🏼	kiss_person_person_tone3_tone2	kiss_person_person_tone3_tone2,kiss_person_person_medium_skin_tone_medium_light_skin_tone
🧑🏽‍❤️‍💋‍🧑🏾	kiss_person_person_tone3_tone4	kiss_person_person_tone3_tone4,kiss_person_person_medium_skin_tone_medium_dark_skin_tone
🧑🏽‍❤️‍💋‍🧑🏿	kiss_person_person_tone3_tone5	kiss_person_person_tone3_tone5,kiss_person_person_medium_skin_tone_dark_skin_tone
🧑🏾‍❤️‍💋‍🧑🏻	kiss_person_person_tone4_tone1	kiss_person_person_tone4_tone1,kiss_person_person_medium_dark_skin_tone_light_skin_tone
🧑🏾‍❤️‍💋‍🧑🏼	kiss_person_person_tone4_tone2	kiss_person_person_tone4_tone2,kiss_person_person_medium_dark_skin_tone_medium_light_skin_tone
🧑🏾‍❤️‍💋‍🧑🏽	kiss_person_person_tone4_tone3	kiss_person_person_tone4_tone3,kiss_person_person_medium_dark_skin_tone_medium_skin_tone
🧑🏾‍❤️‍💋‍🧑🏿	kiss_person_person_tone4_tone5	kiss_person_person_tone4_tone5,kiss_person_person_medium_dark_skin_tone_dark_skin_tone
🧑🏿‍❤️‍💋‍🧑🏻	kiss_person_person_tone5_tone1	kiss_person_person_tone5_tone1,kiss_person_person_dark_skin_tone_light_skin_tone
🧑🏿‍❤️‍💋‍🧑🏼	kiss_person_person_tone5_tone2	kiss_person_person_tone5_tone2,kiss_person_person_dark_skin_tone_medium_light_skin_tone
🧑🏿‍❤️‍💋‍🧑🏽	kiss_person_person_tone5_tone3	kiss_person_person_tone5_tone3,kiss_person_person_dark_skin_tone_medium_skin_tone
🧑🏿‍❤️‍💋‍🧑🏾	kiss_person_person_tone5_tone4	kiss_person_person_tone5_tone4,kiss_person_person_dark_skin_tone_medium_dark_skin_tone
👩‍❤️‍💋‍👨	kiss_woman_man	kiss_woman_man
👩🏻‍❤️‍💋‍👨🏻	kiss_woman_man_tone1	kiss_woman_man_tone1,kiss_woman_man_light_skin_tone
👩🏻‍❤️‍💋‍👨🏼	kiss_woman_man_tone1_tone2	kiss_woman_man_tone1_tone2,kiss_woman_man_light_skin_tone_medium_light_skin_tone
👩🏻‍❤️‍💋‍👨🏽	kiss_woman_man_tone1_tone3	kiss_woman_man_tone1_tone3,kiss_woman_man_light_skin_tone_medium_skin_tone
👩🏻‍❤️‍💋‍👨🏾	kiss_woman_man_tone1_tone4	kiss_woman_man_tone1_tone4,kiss_woman_man_light_skin_tone_medium_dark_skin_tone
👩🏻‍❤️‍💋‍👨🏿	kiss_woman_man_tone1_tone5	kiss_woman_man_tone1_tone5,kiss_woman_man_light_skin_tone_dark_skin_tone
👩🏼‍❤️‍💋‍👨🏻	kiss_woman_man_tone2_tone1	kiss_woman_man_tone2_tone1,kiss_woman_man_medium_light_skin_tone_light_skin_tone
👩🏼‍❤️‍💋‍👨🏼	kiss_woman_man_tone2	kiss_woman_man_tone2,kiss_woman_man_medium_light_skin_tone
👩🏼‍❤️‍💋‍👨🏽	kiss_woman_man_tone2_tone3	kiss_woman_man_tone2_tone3,kiss_woman_man_medium_light_skin_tone_medium_skin_tone
👩🏼‍❤️‍💋‍👨🏾	kiss_woman_man_tone2_tone4	kiss_woman_man_tone2_tone4,kiss_woman_man_medium_light_skin_tone_medium_dark_skin_tone
👩🏼‍❤️‍💋‍👨🏿	kiss_woman_man_tone2_tone5	kiss_woman_man_tone2_tone5,kiss_woman_man_medium_light_skin_tone_dark_skin_tone
👩🏽‍❤️‍💋‍👨🏻	kiss_woman_man_tone3_tone1	kiss_woman_man_tone3_tone1,kiss_woman_man_medium_skin_tone_light_skin_tone
👩🏽‍❤️‍💋‍👨🏼	kiss_woman_man_tone3_tone2	kiss_woman_man_tone3_tone2,kiss_woman_man_medium_skin_tone_medium_light_skin_tone
👩🏽‍❤️‍💋‍👨🏽	kiss_woman_man_tone3	kiss_woman_man_tone3,kiss_woman_man_medium_skin_tone
👩🏽‍❤️‍💋‍👨🏾	kiss_woman_man_tone3_tone4	kiss_woman_man_tone3_tone4,kiss_woman_man_medium_skin_tone_medium_dark_skin_tone
👩🏽‍❤️‍💋‍👨🏿	kiss_woman_man_tone3_tone5	kiss_woman_man_tone3_tone5,kiss_woman_man_medium_skin_tone_dark_skin_tone
👩🏾‍❤️‍💋‍👨🏻	kiss_woman_man_tone4_tone1	kiss_woman_man_tone4_tone1,kiss_woman_man_medium_dark_skin_tone_light_skin_tone
👩🏾‍❤️‍💋‍👨🏼	kiss_woman_man_tone4_tone2	kiss_woman_man_tone4_tone2,kiss_woman_man_medium_dark_skin_tone_medium_light_skin_tone
👩🏾‍❤️‍💋‍👨🏽	kiss_woman_man_tone4_tone3	kiss_woman_man_tone4_tone3,kiss_woman_man_medium_dark_skin_tone_medium_skin_tone
👩🏾‍❤️‍💋‍👨🏾	kiss_woman_man_tone4	kiss_woman_man_tone4,kiss_woman_man_medium_dark_skin_tone
👩🏾‍❤️‍💋‍👨🏿	kiss_woman_man_tone4_tone5	kiss_woman_man_tone4_tone5,kiss_woman_man_medium_dark_skin_tone_dark_skin_tone
👩🏿‍❤️‍💋‍👨🏻	kiss_woman_man_tone5_tone1	kiss_woman_man_tone5_tone1,kiss_woman_man_dark_skin_tone_light_skin_tone
👩🏿‍❤️‍💋‍👨🏼	kiss_woman_man_tone5_tone2	kiss_woman_man_tone5_tone2,kiss_woman_man_dark_skin_tone_medium_light_skin_tone
👩🏿‍❤️‍💋‍👨🏽	kiss_woman_man_tone5_tone3	kiss_woman_man_tone5_tone3,kiss_woman_man_dark_skin_tone_medium_skin_tone
👩🏿‍❤️‍💋‍👨🏾	kiss_woman_man_tone5_tone4	kiss_woman_man_tone5_tone4,kiss_woman_man_dark_skin_tone_medium_dark_skin_tone
👩🏿‍❤️‍💋‍👨🏿	kiss_woman_man_tone5	kiss_woman_man_tone5,kiss_woman_man_dark_skin_tone
👨‍❤️‍💋‍👨	kiss_mm	kiss_mm,couplekiss_mm,kiss_man_man
👨🏻‍❤️‍💋‍👨🏻	kiss_man_man_tone1	kiss_man_man_tone1,kiss_man_man_light_skin_tone
👨🏻‍❤️‍💋‍👨🏼	kiss_man_man_tone1_tone2	kiss_man_man_tone1_tone2,kiss_man_man_light_skin_tone_medium_light_skin_tone
👨🏻‍❤️‍💋‍👨🏽	kiss_man_man_tone1_tone3	kiss_man_man_tone1_tone3,kiss_man_man_light_skin_tone_medium_skin_tone
👨🏻‍❤️‍💋‍👨🏾	kiss_man_man_tone1_tone4	kiss_man_man_tone1_tone4,kiss_man_man_light_skin_tone_medium_dark_skin_tone
👨🏻‍❤️‍💋‍👨🏿	kiss_man_man_tone1_tone5	kiss_man_man_tone1_tone5,kiss_man_man_light_skin_tone_dark_skin_tone
👨🏼‍❤️‍💋‍👨🏻	kiss_man_man_tone2_tone1	kiss_man_man_tone2_tone1,kiss_man_man_medium_light_skin_tone_light_skin_tone
👨🏼‍❤️‍💋‍👨🏼	kiss_man_man_tone2	kiss_man_man_tone2,kiss_man_man_medium_light_skin_tone
👨🏼‍❤️‍💋‍👨🏽	kiss_man_man_tone2_tone3	kiss_man_man_tone2_tone3,kiss_man_man_medium_light_skin_tone_medium_skin_tone
👨🏼‍❤️‍💋‍👨🏾	kiss_man_man_tone2_tone4	kiss_man_man_tone2_tone4,kiss_man_man_medium_light_skin_tone_medium_dark_skin_tone
👨🏼‍❤️‍💋‍👨🏿	kiss_man_man_tone2_tone5	kiss_man_man_tone2_tone5,kiss_man_man_medium_light_skin_tone_dark_skin_tone
👨🏽‍❤️‍💋‍👨🏻	kiss_man_man_tone3_tone1	kiss_man_man_tone3_tone1,kiss_man_man_medium_skin_tone_light_skin_tone
👨🏽‍❤️‍💋‍👨🏼	kiss_man_man_tone3_tone2	kiss_man_man_tone3_tone2,kiss_man_man_medium_skin_tone_medium_light_skin_tone
👨🏽‍❤️‍💋‍👨🏽	kiss_man_man_tone3	kiss_man_man_tone3,kiss_man_man_medium_skin_tone
👨🏽‍❤️‍💋‍👨🏾	kiss_man_man_tone3_tone4	kiss_man_man_tone3_tone4,kiss_man_man_medium_skin_tone_medium_dark_skin_tone
👨🏽‍❤️‍💋‍👨🏿	kiss_man_man_tone3_tone5	kiss_man_man_tone3_tone5,kiss_man_man_medium_skin_tone_dark_skin_tone
👨🏾‍❤️‍💋‍👨🏻	kiss_man_man_tone4_tone1	kiss_man_man_tone4_tone1,kiss_man_man_medium_dark_skin_tone_light_skin_tone
👨🏾‍❤️‍💋‍👨🏼	kiss_man_man_tone4_tone2	kiss_man_man_tone4_tone2,kiss_man_man_medium_dark_skin_tone_medium_light_skin_tone
👨🏾‍❤️‍💋‍👨🏽	kiss_man_man_tone4_tone3	kiss_man_man_tone4_tone3,kiss_man_man_medium_dark_skin_tone_medium_skin_tone
👨🏾‍❤️‍💋‍👨🏾	kiss_man_man_tone4	kiss_man_man_tone4,kiss_man_man_medium_dark_skin_tone
👨🏾‍❤️‍💋‍👨🏿	kiss_man_man_tone4_tone5	kiss_man_man_tone4_tone5,kiss_man_man_medium_dark_skin_tone_dark_skin_tone
👨🏿‍❤️‍💋‍👨🏻	kiss_man_man_tone5_tone1	kiss_man_man_tone5_tone1,kiss_man_man_dark_skin_tone_light_skin_tone
👨🏿‍❤️‍💋‍👨🏼	kiss_man_man_tone5_tone2	kiss_man_man_tone5_tone2,kiss_man_man_dark_skin_tone_medium_light_skin_tone
👨🏿‍❤️‍💋‍👨🏽	kiss_man_man_tone5_tone3	kiss_man_man_tone5_tone3,kiss_man_man_dark_skin_tone_medium_skin_tone
👨🏿‍❤️‍💋‍👨🏾	kiss_man_man_tone5_tone4	kiss_man_man_tone5_tone4,kiss_man_man_dark_skin_tone_medium_dark_skin_tone
👨🏿‍❤️‍💋‍👨🏿	kiss_man_man_tone5	kiss_man_man_tone5,kiss_man_man_dark_skin_tone
👩‍❤️‍💋‍👩	kiss_ww	kiss_ww,couplekiss_ww
👩🏻‍❤️‍💋‍👩🏻	kiss_woman_woman_tone1	kiss_woman_woman_tone1,kiss_woman_woman_light_skin_tone
👩🏻‍❤️‍💋‍👩🏼	kiss_woman_woman_tone1_tone2	kiss_woman_woman_tone1_tone2,kiss_woman_woman_light_skin_tone_medium_light_skin_tone
👩🏻‍❤️‍💋‍👩🏽	kiss_woman_woman_tone1_tone3	kiss_woman_woman_tone1_tone3,kiss_woman_woman_light_skin_tone_medium_skin_tone
👩🏻‍❤️‍💋‍👩🏾	kiss_woman_woman_tone1_tone4	kiss_woman_woman_tone1_tone4,kiss_woman_woman_light_skin_tone_medium_dark_skin_tone
👩🏻‍❤️‍💋‍👩🏿	kiss_woman_woman_tone1_tone5	kiss_woman_woman_tone1_tone5,kiss_woman_woman_light_skin_tone_dark_skin_tone
👩🏼‍❤️‍💋‍👩🏻	kiss_woman_woman_tone2_tone1	kiss_woman_woman_tone2_tone1,kiss_woman_woman_medium_light_skin_tone_light_skin_tone
👩🏼‍❤️‍💋‍👩🏼	kiss_woman_woman_tone2	kiss_woman_woman_tone2,kiss_woman_woman_medium_light_skin_tone
👩🏼‍❤️‍💋‍👩🏽	kiss_woman_woman_tone2_tone3	kiss_woman_woman_tone2_tone3,kiss_woman_woman_medium_light_skin_tone_medium_skin_tone
👩🏼‍❤️‍💋‍👩🏾	kiss_woman_woman_tone2_tone4	kiss_woman_woman_tone2_tone4,kiss_woman_woman_medium_light_skin_tone_medium_dark_skin_tone
👩🏼‍❤️‍💋‍👩🏿	kiss_woman_woman_tone2_tone5	kiss_woman_woman_tone2_tone5,kiss_woman_woman_medium_light_skin_tone_dark_skin_tone
👩🏽‍❤️‍💋‍👩🏻	kiss_woman_woman_tone3_tone1	kiss_woman_woman_tone3_tone1,kiss_woman_woman_medium_skin_tone_light_skin_tone
👩🏽‍❤️‍💋‍👩🏼	kiss_woman_woman_tone3_tone2	kiss_woman_woman_tone3_tone2,kiss_woman_woman_medium_skin_tone_medium_light_skin_tone
👩🏽‍❤️‍💋‍👩🏽	kiss_woman_woman_tone3	kiss_woman_woman_tone3,kiss_woman_woman_medium_skin_tone
👩🏽‍❤️‍💋‍👩🏾	kiss_woman_woman_tone3_tone4	kiss_woman_woman_tone3_tone4,kiss_woman_woman_medium_skin_tone_medium_dark_skin_tone
👩🏽‍❤️‍💋‍👩🏿	kiss_woman_woman_tone3_tone5	kiss_woman_woman_tone3_tone5,kiss_woman_woman_medium_skin_tone_dark_skin_tone
👩🏾‍❤️‍💋‍👩🏻	kiss_woman_woman_tone4_tone1	kiss_woman_woman_tone4_tone1,kiss_woman_woman_medium_dark_skin_tone_light_skin_tone
👩🏾‍❤️‍💋‍👩🏼	kiss_woman_woman_tone4_tone2	kiss_woman_woman_tone4_tone2,kiss_woman_woman_medium_dark_skin_tone_medium_light_skin_tone
👩🏾‍❤️‍💋‍👩🏽	kiss_woman_woman_tone4_tone3	kiss_woman_woman_tone4_tone3,kiss_woman_woman_medium_dark_skin_tone_medium_skin_tone
👩🏾‍❤️‍💋‍👩🏾	kiss_woman_woman_tone4	kiss_woman_woman_tone4,kiss_woman_woman_medium_dark_skin_tone
👩🏾‍❤️‍💋‍👩🏿	kiss_woman_woman_tone4_tone5	kiss_woman_woman_tone4_tone5,kiss_woman_woman_medium_dark_skin_tone_dark_skin_tone
👩🏿‍❤️‍💋‍👩🏻	kiss_woman_woman_tone5_tone1	kiss_woman_woman_tone5_tone1,kiss_woman_woman_dark_skin_tone_light_skin_tone
👩🏿‍❤️‍💋‍👩🏼	kiss_woman_woman_tone5_tone2	kiss_woman_woman_tone5_tone2,kiss_woman_woman_dark_skin_tone_medium_light_skin_tone
👩🏿‍❤️‍💋‍👩🏽	kiss_woman_woman_tone5_tone3	kiss_woman_woman_tone5_tone3,kiss_woman_woman_dark_skin_tone_medium_skin_tone
👩🏿‍❤️‍💋‍👩🏾	kiss_woman_woman_tone5_tone4	kiss_woman_woman_tone5_tone4,kiss_woman_woman_dark_skin_tone_medium_dark_skin_tone
👩🏿‍❤️‍💋‍👩🏿	kiss_woman_woman_tone5	kiss_woman_woman_tone5,kiss_woman_woman_dark_skin_tone
💑	couple_with_heart	couple_with_heart
💑🏻	couple_with_heart_tone1	couple_with_heart_tone1,couple_with_heart_light_skin_tone
💑🏼	couple_with_heart_tone2	couple_with_heart_tone2,couple_with_heart_medium_light_skin_tone
💑🏽	couple_with_heart_tone3	couple_with_heart_tone3,couple_with_heart_medium_skin_tone
💑🏾	couple_with_heart_tone4	couple_with_heart_tone4,couple_with_heart_medium_dark_skin_tone
💑🏿	couple_with_heart_tone5	couple_with_heart_tone5,couple_with_heart_dark_skin_tone
🧑🏻‍❤️‍🧑🏼	couple_with_heart_person_person_tone1_tone2	couple_with_heart_person_person_tone1_tone2,couple_with_heart_person_person_light_skin_tone_medium_light_skin_tone
🧑🏻‍❤️‍🧑🏽	couple_with_heart_person_person_tone1_tone3	couple_with_heart_person_person_tone1_tone3,couple_with_heart_person_person_light_skin_tone_medium_skin_tone
🧑🏻‍❤️‍🧑🏾	couple_with_heart_person_person_tone1_tone4	couple_with_heart_person_person_tone1_tone4,couple_with_heart_person_person_light_skin_tone_medium_dark_skin_tone
🧑🏻‍❤️‍🧑🏿	couple_with_heart_person_person_tone1_tone5	couple_with_heart_person_person_tone1_tone5,couple_with_heart_person_person_light_skin_tone_dark_skin_tone
🧑🏼‍❤️‍🧑🏻	couple_with_heart_person_person_tone2_tone1	couple_with_heart_person_person_tone2_tone1,couple_with_heart_person_person_medium_light_skin_tone_light_skin_tone
🧑🏼‍❤️‍🧑🏽	couple_with_heart_person_person_tone2_tone3	couple_with_heart_person_person_tone2_tone3,couple_with_heart_person_person_medium_light_skin_tone_medium_skin_tone
🧑🏼‍❤️‍🧑🏾	couple_with_heart_person_person_tone2_tone4	couple_with_heart_person_person_tone2_tone4,couple_with_heart_person_person_medium_light_skin_tone_medium_dark_skin_tone
🧑🏼‍❤️‍🧑🏿	couple_with_heart_person_person_tone2_tone5	couple_with_heart_person_person_tone2_tone5,couple_with_heart_person_person_medium_light_skin_tone_dark_skin_tone
🧑🏽‍❤️‍🧑🏻	couple_with_heart_person_person_tone3_tone1	couple_with_heart_person_person_tone3_tone1,couple_with_heart_person_person_medium_skin_tone_light_skin_tone
🧑🏽‍❤️‍🧑🏼	couple_with_heart_person_person_tone3_tone2	couple_with_heart_person_person_tone3_tone2,couple_with_heart_person_person_medium_skin_tone_medium_light_skin_tone
🧑🏽‍❤️‍🧑🏾	couple_with_heart_person_person_tone3_tone4	couple_with_heart_person_person_tone3_tone4,couple_with_heart_person_person_medium_skin_tone_medium_dark_skin_tone
🧑🏽‍❤️‍🧑🏿	couple_with_heart_person_person_tone3_tone5	couple_with_heart_person_person_tone3_tone5,couple_with_heart_person_person_medium_skin_tone_dark_skin_tone
🧑🏾‍❤️‍🧑🏻	couple_with_heart_person_person_tone4_tone1	couple_with_heart_person_person_tone4_tone1,couple_with_heart_person_person_medium_dark_skin_tone_light_skin_tone
🧑🏾‍❤️‍🧑🏼	couple_with_heart_person_person_tone4_tone2	couple_with_heart_person_person_tone4_tone2,couple_with_heart_person_person_medium_dark_skin_tone_medium_light_skin_tone
🧑🏾‍❤️‍🧑🏽	couple_with_heart_person_person_tone4_tone3	couple_with_heart_person_person_tone4_tone3,couple_with_heart_person_person_medium_dark_skin_tone_medium_skin_tone
🧑🏾‍❤️‍🧑🏿	couple_with_heart_person_person_tone4_tone5	couple_with_heart_person_person_tone4_tone5,couple_with_heart_person_person_medium_dark_skin_tone_dark_skin_tone
🧑🏿‍❤️‍🧑🏻	couple_with_heart_person_person_tone5_tone1	couple_with_heart_person_person_tone5_tone1,couple_with_heart_person_person_dark_skin_tone_light_skin_tone
🧑🏿‍❤️‍🧑🏼	couple_with_heart_person_person_tone5_tone2	couple_with_heart_person_person_tone5_tone2,couple_with_heart_person_person_dark_skin_tone_medium_light_skin_tone
🧑🏿‍❤️‍🧑🏽	couple_with_heart_person_person_tone5_tone3	couple_with_heart_person_person_tone5_tone3,couple_with_heart_person_person_dark_skin_tone_medium_skin_tone
🧑🏿‍❤️‍🧑🏾	couple_with_heart_person_person_tone5_tone4	couple_with_heart_person_person_tone5_tone4,couple_with_heart_person_person_dark_skin_tone_medium_dark_skin_tone
👩‍❤️‍👨	couple_with_heart_woman_man	couple_with_heart_woman_man
👩🏻‍❤️‍👨🏻	couple_with_heart_woman_man_tone1	couple_with_heart_woman_man_tone1,couple_with_heart_woman_man_light_skin_tone
👩🏻‍❤️‍👨🏼	couple_with_heart_woman_man_tone1_tone2	couple_with_heart_woman_man_tone1_tone2,couple_with_heart_woman_man_light_skin_tone_medium_light_skin_tone
👩🏻‍❤️‍👨🏽	couple_with_heart_woman_man_tone1_tone3	couple_with_heart_woman_man_tone1_tone3,couple_with_heart_woman_man_light_skin_tone_medium_skin_tone
👩🏻‍❤️‍👨🏾	couple_with_heart_woman_man_tone1_tone4	couple_with_heart_woman_man_tone1_tone4,couple_with_heart_woman_man_light_skin_tone_medium_dark_skin_tone
👩🏻‍❤️‍👨🏿	couple_with_heart_woman_man_tone1_tone5	couple_with_heart_woman_man_tone1_tone5,couple_with_heart_woman_man_light_skin_tone_dark_skin_tone
👩🏼‍❤️‍👨🏻	couple_with_heart_woman_man_tone2_tone1	couple_with_heart_woman_man_tone2_tone1,couple_with_heart_woman_man_medium_light_skin_tone_light_skin_tone
👩🏼‍❤️‍👨🏼	couple_with_heart_woman_man_tone2	couple_with_heart_woman_man_tone2,couple_with_heart_woman_man_medium_light_skin_tone
👩🏼‍❤️‍👨🏽	couple_with_heart_woman_man_tone2_tone3	couple_with_heart_woman_man_tone2_tone3,couple_with_heart_woman_man_medium_light_skin_tone_medium_skin_tone
👩🏼‍❤️‍👨🏾	couple_with_heart_woman_man_tone2_tone4	couple_with_heart_woman_man_tone2_tone4,couple_with_heart_woman_man_medium_light_skin_tone_medium_dark_skin_tone
👩🏼‍❤️‍👨🏿	couple_with_heart_woman_man_tone2_tone5	couple_with_heart_woman_man_tone2_tone5,couple_with_heart_woman_man_medium_light_skin_tone_dark_skin_tone
👩🏽‍❤️‍👨🏻	couple_with_heart_woman_man_tone3_tone1	couple_with_heart_woman_man_tone3_tone1,couple_with_heart_woman_man_medium_skin_tone_light_skin_tone
👩🏽‍❤️‍👨🏼	couple_with_heart_woman_man_tone3_tone2	couple_with_heart_woman_man_tone3_tone2,couple_with_heart_woman_man_medium_skin_tone_medium_light_skin_tone
👩🏽‍❤️‍👨🏽	couple_with_heart_woman_man_tone3	couple_with_heart_woman_man_tone3,couple_with_heart_woman_man_medium_skin_tone
👩🏽‍❤️‍👨🏾	couple_with_heart_woman_man_tone3_tone4	couple_with_heart_woman_man_tone3_tone4,couple_with_heart_woman_man_medium_skin_tone_medium_dark_skin_tone
👩🏽‍❤️‍👨🏿	couple_with_heart_woman_man_tone3_tone5	couple_with_heart_woman_man_tone3_tone5,couple_with_heart_woman_man_medium_skin_tone_dark_skin_tone
👩🏾‍❤️‍👨🏻	couple_with_heart_woman_man_tone4_tone1	couple_with_heart_woman_man_tone4_tone1,couple_with_heart_woman_man_medium_dark_skin_tone_light_skin_tone
👩🏾‍❤️‍👨🏼	couple_with_heart_woman_man_tone4_tone2	couple_with_heart_woman_man_tone4_tone2,couple_with_heart_woman_man_medium_dark_skin_tone_medium_light_skin_tone
👩🏾‍❤️‍👨🏽	couple_with_heart_woman_man_tone4_tone3	couple_with_heart_woman_man_tone4_tone3,couple_with_heart_woman_man_medium_dark_skin_tone_medium_skin_tone
👩🏾‍❤️‍👨🏾	couple_with_heart_woman_man_tone4	couple_with_heart_woman_man_tone4,couple_with_heart_woman_man_medium_dark_skin_tone
👩🏾‍❤️‍👨🏿	couple_with_heart_woman_man_tone4_tone5	couple_with_heart_woman_man_tone4_tone5,couple_with_heart_woman_man_medium_dark_skin_tone_dark_skin_tone
👩🏿‍❤️‍👨🏻	couple_with_heart_woman_man_tone5_tone1	couple_with_heart_woman_man_tone5_tone1,couple_with_heart_woman_man_dark_skin_tone_light_skin_tone
👩🏿‍❤️‍👨🏼	couple_with_heart_woman_man_tone5_tone2	couple_with_heart_woman_man_tone5_tone2,couple_with_heart_woman_man_dark_skin_tone_medium_light_skin_tone
👩🏿‍❤️‍👨🏽	couple_with_heart_woman_man_tone5_tone3	couple_with_heart_woman_man_tone5_tone3,couple_with_heart_woman_man_dark_skin_tone_medium_skin_tone
👩🏿‍❤️‍👨🏾	couple_with_heart_woman_man_tone5_tone4	couple_with_heart_woman_man_tone5_tone4,couple_with_heart_woman_man_dark_skin_tone_medium_dark_skin_tone
👩🏿‍❤️‍👨🏿	couple_with_heart_woman_man_tone5	couple_with_heart_woman_man_tone5,couple_with_heart_woman_man_dark_skin_tone
👨‍❤️‍👨	couple_mm	couple_mm,couple_with_heart_mm
👨🏻‍❤️‍👨🏻	couple_with_heart_man_man_tone1	couple_with_heart_man_man_tone1,couple_with_heart_man_man_light_skin_tone
👨🏻‍❤️‍👨🏼	couple_with_heart_man_man_tone1_tone2	couple_with_heart_man_man_tone1_tone2,couple_with_heart_man_man_light_skin_tone_medium_light_skin_tone
👨🏻‍❤️‍👨🏽	couple_with_heart_man_man_tone1_tone3	couple_with_heart_man_man_tone1_tone3,couple_with_heart_man_man_light_skin_tone_medium_skin_tone
👨🏻‍❤️‍👨🏾	couple_with_heart_man_man_tone1_tone4	couple_with_heart_man_man_tone1_tone4,couple_with_heart_man_man_light_skin_tone_medium_dark_skin_tone
👨🏻‍❤️‍👨🏿	couple_with_heart_man_man_tone1_tone5	couple_with_heart_man_man_tone1_tone5,couple_with_heart_man_man_light_skin_tone_dark_skin_tone
👨🏼‍❤️‍👨🏻	couple_with_heart_man_man_tone2_tone1	couple_with_heart_man_man_tone2_tone1,couple_with_heart_man_man_medium_light_skin_tone_light_skin_tone
👨🏼‍❤️‍👨🏼	couple_with_heart_man_man_tone2	couple_with_heart_man_man_tone2,couple_with_heart_man_man_medium_light_skin_tone
👨🏼‍❤️‍👨🏽	couple_with_heart_man_man_tone2_tone3	couple_with_heart_man_man_tone2_tone3,couple_with_heart_man_man_medium_light_skin_tone_medium_skin_tone
👨🏼‍❤️‍👨🏾	couple_with_heart_man_man_tone2_tone4	couple_with_heart_man_man_tone2_tone4,couple_with_heart_man_man_medium_light_skin_tone_medium_dark_skin_tone
👨🏼‍❤️‍👨🏿	couple_with_heart_man_man_tone2_tone5	couple_with_heart_man_man_tone2_tone5,couple_with_heart_man_man_medium_light_skin_tone_dark_skin_tone
👨🏽‍❤️‍👨🏻	couple_with_heart_man_man_tone3_tone1	couple_with_heart_man_man_tone3_tone1,couple_with_heart_man_man_medium_skin_tone_light_skin_tone
👨🏽‍❤️‍👨🏼	couple_with_heart_man_man_tone3_tone2	couple_with_heart_man_man_tone3_tone2,couple_with_heart_man_man_medium_skin_tone_medium_light_skin_tone
👨🏽‍❤️‍👨🏽	couple_with_heart_man_man_tone3	couple_with_heart_man_man_tone3,couple_with_heart_man_man_medium_skin_tone
👨🏽‍❤️‍👨🏾	couple_with_heart_man_man_tone3_tone4	couple_with_heart_man_man_tone3_tone4,couple_with_heart_man_man_medium_skin_tone_medium_dark_skin_tone
👨🏽‍❤️‍👨🏿	couple_with_heart_man_man_tone3_tone5	couple_with_heart_man_man_tone3_tone5,couple_with_heart_man_man_medium_skin_tone_dark_skin_tone
👨🏾‍❤️‍👨🏻	couple_with_heart_man_man_tone4_tone1	couple_with_heart_man_man_tone4_tone1,couple_with_heart_man_man_medium_dark_skin_tone_light_skin_tone
👨🏾‍❤️‍👨🏼	couple_with_heart_man_man_tone4_tone2	couple_with_heart_man_man_tone4_tone2,couple_with_heart_man_man_medium_dark_skin_tone_medium_light_skin_tone
👨🏾‍❤️‍👨🏽	couple_with_heart_man_man_tone4_tone3	couple_with_heart_man_man_tone4_tone3,couple_with_heart_man_man_medium_dark_skin_tone_medium_skin_tone
👨🏾‍❤️‍👨🏾	couple_with_heart_man_man_tone4	couple_with_heart_man_man_tone4,couple_with_heart_man_man_medium_dark_skin_tone
👨🏾‍❤️‍👨🏿	couple_with_heart_man_man_tone4_tone5	couple_with_heart_man_man_tone4_tone5,couple_with_heart_man_man_medium_dark_skin_tone_dark_skin_tone
👨🏿‍❤️‍👨🏻	couple_with_heart_man_man_tone5_tone1	couple_with_heart_man_man_tone5_tone1,couple_with_heart_man_man_dark_skin_tone_light_skin_tone
👨🏿‍❤️‍👨🏼	couple_with_heart_man_man_tone5_tone2	couple_with_heart_man_man_tone5_tone2,couple_with_heart_man_man_dark_skin_tone_medium_light_skin_tone
👨🏿‍❤️‍👨🏽	couple_with_heart_man_man_tone5_tone3	couple_with_heart_man_man_tone5_tone3,couple_with_heart_man_man_dark_skin_tone_medium_skin_tone
👨🏿‍❤️‍👨🏾	couple_with_heart_man_man_tone5_tone4	couple_with_heart_man_man_tone5_tone4,couple_with_heart_man_man_dark_skin_tone_medium_dark_skin_tone
👨🏿‍❤️‍👨🏿	couple_with_heart_man_man_tone5	couple_with_heart_man_man_tone5,couple_with_heart_man_man_dark_skin_tone
👩‍❤️‍👩	couple_ww	couple_ww,couple_with_heart_ww
👩🏻‍❤️‍👩🏻	couple_with_heart_woman_woman_tone1	couple_with_heart_woman_woman_tone1,couple_with_heart_woman_woman_light_skin_tone
👩🏻‍❤️‍👩🏼	couple_with_heart_woman_woman_tone1_tone2	couple_with_heart_woman_woman_tone1_tone2,couple_with_heart_woman_woman_light_skin_tone_medium_light_skin_tone
👩🏻‍❤️‍👩🏽	couple_with_heart_woman_woman_tone1_tone3	couple_with_heart_woman_woman_tone1_tone3,couple_with_heart_woman_woman_light_skin_tone_medium_skin_tone
👩🏻‍❤️‍👩🏾	couple_with_heart_woman_woman_tone1_tone4	couple_with_heart_woman_woman_tone1_tone4,couple_with_heart_woman_woman_light_skin_tone_medium_dark_skin_tone
👩🏻‍❤️‍👩🏿	couple_with_heart_woman_woman_tone1_tone5	couple_with_heart_woman_woman_tone1_tone5,couple_with_heart_woman_woman_light_skin_tone_dark_skin_tone
👩🏼‍❤️‍👩🏻	couple_with_heart_woman_woman_tone2_tone1	couple_with_heart_woman_woman_tone2_tone1,couple_with_heart_woman_woman_medium_light_skin_tone_light_skin_tone
👩🏼‍❤️‍👩🏼	couple_with_heart_woman_woman_tone2	couple_with_heart_woman_woman_tone2,couple_with_heart_woman_woman_medium_light_skin_tone
👩🏼‍❤️‍👩🏽	couple_with_heart_woman_woman_tone2_tone3	couple_with_heart_woman_woman_tone2_tone3,couple_with_heart_woman_woman_medium_light_skin_tone_medium_skin_tone
👩🏼‍❤️‍👩🏾	couple_with_heart_woman_woman_tone2_tone4	couple_with_heart_woman_woman_tone2_tone4,couple_with_heart_woman_woman_medium_light_skin_tone_medium_dark_skin_tone
👩🏼‍❤️‍👩🏿	couple_with_heart_woman_woman_tone2_tone5	couple_with_heart_woman_woman_tone2_tone5,couple_with_heart_woman_woman_medium_light_skin_tone_dark_skin_tone
👩🏽‍❤️‍👩🏻	couple_with_heart_woman_woman_tone3_tone1	couple_with_heart_woman_woman_tone3_tone1,couple_with_heart_woman_woman_medium_skin_tone_light_skin_tone
👩🏽‍❤️‍👩🏼	couple_with_heart_woman_woman_tone3_tone2	couple_with_heart_woman_woman_tone3_tone2,couple_with_heart_woman_woman_medium_skin_tone_medium_light_skin_tone
👩🏽‍❤️‍👩🏽	couple_with_heart_woman_woman_tone3	couple_with_heart_woman_woman_tone3,couple_with_heart_woman_woman_medium_skin_tone
👩🏽‍❤️‍👩🏾	couple_with_heart_woman_woman_tone3_tone4	couple_with_heart_woman_woman_tone3_tone4,couple_with_heart_woman_woman_medium_skin_tone_medium_dark_skin_tone
👩🏽‍❤️‍👩🏿	couple_with_heart_woman_woman_tone3_tone5	couple_with_heart_woman_woman_tone3_tone5,couple_with_heart_woman_woman_medium_skin_tone_dark_skin_tone
👩🏾‍❤️‍👩🏻	couple_with_heart_woman_woman_tone4_tone1	couple_with_heart_woman_woman_tone4_tone1,couple_with_heart_woman_woman_medium_dark_skin_tone_light_skin_tone
👩🏾‍❤️‍👩🏼	couple_with_heart_woman_woman_tone4_tone2	couple_with_heart_woman_woman_tone4_tone2,couple_with_heart_woman_woman_medium_dark_skin_tone_medium_light_skin_tone
👩🏾‍❤️‍👩🏽	couple_with_heart_woman_woman_tone4_tone3	couple_with_heart_woman_woman_tone4_tone3,couple_with_heart_woman_woman_medium_dark_skin_tone_medium_skin_tone
👩🏾‍❤️‍👩🏾	couple_with_heart_woman_woman_tone4	couple_with_heart_woman_woman_tone4,couple_with_heart_woman_woman_medium_dark_skin_tone
👩🏾‍❤️‍👩🏿	couple_with_heart_woman_woman_tone4_tone5	couple_with_heart_woman_woman_tone4_tone5,couple_with_heart_woman_woman_medium_dark_skin_tone_dark_skin_tone
👩🏿‍❤️‍👩🏻	couple_with_heart_woman_woman_tone5_tone1	couple_with_heart_woman_woman_tone5_tone1,couple_with_heart_woman_woman_dark_skin_tone_light_skin_tone
👩🏿‍❤️‍👩🏼	couple_with_heart_woman_woman_tone5_tone2	couple_with_heart_woman_woman_tone5_tone2,couple_with_heart_woman_woman_dark_skin_tone_medium_light_skin_tone
👩🏿‍❤️‍👩🏽	couple_with_heart_woman_woman_tone5_tone3	couple_with_heart_woman_woman_tone5_tone3,couple_with_heart_woman_woman_dark_skin_tone_medium_skin_tone
👩🏿‍❤️‍👩🏾	couple_with_heart_woman_woman_tone5_tone4	couple_with_heart_woman_woman_tone5_tone4,couple_with_heart_woman_woman_dark_skin_tone_medium_dark_skin_tone
👩🏿‍❤️‍👩🏿	couple_with_heart_woman_woman_tone5	couple_with_heart_woman_woman_tone5,couple_with_heart_woman_woman_dark_skin_tone
👨‍👩‍👦	family_man_woman_boy	family_man_woman_boy
👨‍👩‍👧	family_mwg	family_mwg
👨‍👩‍👧‍👦	family_mwgb	family_mwgb
👨‍👩‍👦‍👦	family_mwbb	family_mwbb
👨‍👩‍👧‍👧	family_mwgg	family_mwgg
👨‍👨‍👦	family_mmb	family_mmb
👨‍👨‍👧	family_mmg	family_mmg
👨‍👨‍👧‍👦	family_mmgb	family_mmgb
👨‍👨‍👦‍👦	family_mmbb	family_mmbb
👨‍👨‍👧‍👧	family_mmgg	family_mmgg
👩‍👩‍👦	family_wwb	family_wwb
👩‍👩‍👧	family_wwg	family_wwg
👩‍👩‍👧‍👦	family_wwgb	family_wwgb
👩‍👩‍👦‍👦	family_wwbb	family_wwbb
👩‍👩‍👧‍👧	family_wwgg	family_wwgg
👨‍👦	family_man_boy	family_man_boy
👨‍👦‍👦	family_man_boy_boy	family_man_boy_boy
👨‍👧	family_man_girl	family_man_girl
👨‍👧‍👦	family_man_girl_boy	family_man_girl_boy
👨‍👧‍👧	family_man_girl_girl	family_man_girl_girl
👩‍👦	family_woman_boy	family_woman_boy
👩‍👦‍👦	family_woman_boy_boy	family_woman_boy_boy
👩‍👧	family_woman_girl	family_woman_girl
👩‍👧‍👦	family_woman_girl_boy	family_woman_girl_boy
👩‍👧‍👧	family_woman_girl_girl	family_woman_girl_girl
🗣️	speaking_head	speaking_head,speaking_head_in_silhouette
👤	bust_in_silhouette	bust_in_silhouette
👥	busts_in_silhouette	busts_in_silhouette
🫂	people_hugging	people_hugging
👪	family	family
🧑‍🧑‍🧒	family_adult_adult_child	family_adult_adult_child
🧑‍🧑‍🧒‍🧒	family_adult_adult_child_child	family_adult_adult_child_child
🧑‍🧒	family_adult_child	family_adult_child
🧑‍🧒‍🧒	family_adult_child_child	family_adult_child_child
👣	footprints	footprints
🫆	fingerprint	fingerprint
🏻	light_skin_tone	light_skin_tone
🏼	medium_light_skin_tone	medium_light_skin_tone
🏽	medium_skin_tone	medium_skin_tone
🏾	medium_dark_skin_tone	medium_dark_skin_tone
🏿	dark_skin_tone	dark_skin_tone
🦰	red_hair	red_hair
🦱	curly_hair	curly_hair
🦳	white_hair	white_hair
🦲	bald	bald
🐵	monkey_face	monkey_face
🐒	monkey	monkey
🦍	gorilla	gorilla
🦧	orangutan	orangutan
🐶	dog	dog,dog_face
🐕	dog2	dog2
🦮	guide_dog	guide_dog
🐕‍🦺	service_dog	service_dog
🐩	poodle	poodle
🐺	wolf	wolf
🦊	fox	fox,fox_face
🦝	raccoon	raccoon
🐱	cat	cat,cat_face
🐈	cat2	cat2
🐈‍⬛	black_cat	black_cat
🦁	lion_face	lion_face,lion
🐯	tiger	tiger,tiger_face
🐅	tiger2	tiger2
🐆	leopard	leopard
🐴	horse	horse,horse_face
🫎	moose	moose
🫏	donkey	donkey
🐎	racehorse	racehorse
🦄	unicorn	unicorn,unicorn_face
🦓	zebra	zebra
🦌	deer	deer
🦬	bison	bison
🐮	cow	cow,cow_face
🐂	ox	ox
🐃	water_buffalo	water_buffalo
🐄	cow2	cow2
🐷	pig	pig,pig_face
🐖	pig2	pig2
🐗	boar	boar
🐽	pig_nose	pig_nose
🐏	ram	ram
🐑	sheep	sheep,ewe
🐐	goat	goat
🐪	dromedary_camel	dromedary_camel
🐫	camel	camel
🦙	llama	llama
🦒	giraffe	giraffe
🐘	elephant	elephant
🦣	mammoth	mammoth
🦏	rhino	rhino,rhinoceros
🦛	hippopotamus	hippopotamus
🐭	mouse	mouse,mouse_face
🐁	mouse2	mouse2
🐀	rat	rat
🐹	hamster	hamster
🐰	rabbit	rabbit,rabbit_face
🐇	rabbit2	rabbit2
🐿️	chipmunk	chipmunk
🦫	beaver	beaver
🦔	hedgehog	hedgehog
🦇	bat	bat
🐻	bear	bear
🐻‍❄️	polar_bear	polar_bear
🐨	koala	koala
🐼	panda_face	panda_face,panda
🦥	sloth	sloth
🦦	otter	otter
🦨	skunk	skunk
🦘	kangaroo	kangaroo
🦡	badger	badger
🐾	feet	feet,paw_prints
🦃	turkey	turkey
🐔	chicken	chicken
🐓	rooster	rooster
🐣	hatching_chick	hatching_chick
🐤	baby_chick	baby_chick
🐥	hatched_chick	hatched_chick
🐦	bird	bird
🐧	penguin	penguin
🕊️	dove	dove,dove_of_peace
🦅	eagle	eagle
🦆	duck	duck
🦢	swan	swan
🦉	owl	owl
🦤	dodo	dodo
🪶	feather	feather
🦩	flamingo	flamingo
🦚	peacock	peacock
🦜	parrot	parrot
🪽	wing	wing
🐦‍⬛	black_bird	black_bird
🪿	goose	goose
🐦‍🔥	phoenix	phoenix
🐸	frog	frog
🐊	crocodile	crocodile
🐢	turtle	turtle
🦎	lizard	lizard
🐍	snake	snake
🐲	dragon_face	dragon_face
🐉	dragon	dragon
🦕	sauropod	sauropod
🦖	t_rex	t_rex
🐳	whale	whale
🐋	whale2	whale2
🐬	dolphin	dolphin
🫍	orca	orca
🦭	seal	seal
🐟	fish	fish
🐠	tropical_fish	tropical_fish
🐡	blowfish	blowfish
🦈	shark	shark
🐙	octopus	octopus
🐚	shell	shell,spiral_shell
🪸	coral	coral
🪼	jellyfish	jellyfish
🦀	crab	crab
🦞	lobster	lobster
🦐	shrimp	shrimp
🦑	squid	squid
🦪	oyster	oyster
🐌	snail	snail
🦋	butterfly	butterfly
🐛	bug	bug
🐜	ant	ant
🐝	bee	bee,honeybee
🪲	beetle	beetle
🐞	lady_beetle	lady_beetle
🦗	cricket	cricket
🪳	cockroach	cockroach
🕷️	spider	spider
🕸️	spider_web	spider_web
🦂	scorpion	scorpion
🦟	mosquito	mosquito
🪰	fly	fly
🪱	worm	worm
🦠	microbe	microbe
💐	bouquet	bouquet
🌸	cherry_blossom	cherry_blossom
💮	white_flower	white_flower
🪷	lotus	lotus
🏵️	rosette	rosette
🌹	rose	rose
🥀	wilted_rose	wilted_rose,wilted_flower
🌺	hibiscus	hibiscus
🌻	sunflower	sunflower
🌼	blossom	blossom
🌷	tulip	tulip
🪻	hyacinth	hyacinth
🌱	seedling	seedling
🪴	potted_plant	potted_plant
🌲	evergreen_tree	evergreen_tree
🌳	deciduous_tree	deciduous_tree
🌴	palm_tree	palm_tree
🌵	cactus	cactus
🌾	ear_of_rice	ear_of_rice,sheaf_of_rice
🌿	herb	herb
☘️	shamrock	shamrock
🍀	four_leaf_clover	four_leaf_clover
🍁	maple_leaf	maple_leaf
🍂	fallen_leaf	fallen_leaf
🍃	leaves	leaves
🪹	empty_nest	empty_nest
🪺	nest_with_eggs	nest_with_eggs
🍄	mushroom	mushroom
🪾	leafless_tree	leafless_tree
🍇	grapes	grapes
🍈	melon	melon
🍉	watermelon	watermelon
🍊	tangerine	tangerine
🍋	lemon	lemon
🍋‍🟩	lime	lime
🍌	banana	banana
🍍	pineapple	pineapple
🥭	mango	mango
🍎	apple	apple,red_apple
🍏	green_apple	green_apple
🍐	pear	pear
🍑	peach	peach
🍒	cherries	cherries
🍓	strawberry	strawberry
🫐	blueberries	blueberries
🥝	kiwi	kiwi,kiwifruit,kiwi_fruit
🍅	tomato	tomato
🫒	olive	olive
🥥	coconut	coconut
🥑	avocado	avocado
🍆	eggplant	eggplant
🥔	potato	potato
🥕	carrot	carrot
🌽	corn	corn,ear_of_corn
🌶️	hot_pepper	hot_pepper
🫑	bell_pepper	bell_pepper
🥒	cucumber	cucumber
🥬	leafy_green	leafy_green
🥦	broccoli	broccoli
🧄	garlic	garlic
🧅	onion	onion
🥜	peanuts	peanuts,shelled_peanut
🫘	beans	beans
🌰	chestnut	chestnut
🫚	ginger_root	ginger_root
🫛	pea_pod	pea_pod
🍄‍🟫	brown_mushroom	brown_mushroom
🫜	root_vegetable	root_vegetable
🍞	bread	bread
🥐	croissant	croissant
🥖	french_bread	french_bread,baguette_bread
🫓	flatbread	flatbread
🥨	pretzel	pretzel
🥯	bagel	bagel
🥞	pancakes	pancakes
🧇	waffle	waffle
🧀	cheese	cheese,cheese_wedge
🍖	meat_on_bone	meat_on_bone
🍗	poultry_leg	poultry_leg
🥩	cut_of_meat	cut_of_meat
🥓	bacon	bacon
🍔	hamburger	hamburger
🍟	fries	fries,french_fries
🍕	pizza	pizza
🌭	hotdog	hotdog,hot_dog
🥪	sandwich	sandwich
🌮	taco	taco
🌯	burrito	burrito
🫔	tamale	tamale
🥙	stuffed_flatbread	stuffed_flatbread,stuffed_pita
🧆	falafel	falafel
🥚	egg	egg
🍳	cooking	cooking
🥘	shallow_pan_of_food	shallow_pan_of_food,paella
🍲	stew	stew,pot_of_food
🫕	fondue	fondue
🥣	bowl_with_spoon	bowl_with_spoon
🥗	salad	salad,green_salad
🍿	popcorn	popcorn
🧈	butter	butter
🧂	salt	salt
🥫	canned_food	canned_food
🍱	bento	bento,bento_box
🍘	rice_cracker	rice_cracker
🍙	rice_ball	rice_ball
🍚	rice	rice,cooked_rice
🍛	curry	curry,curry_rice
🍜	ramen	ramen,steaming_bowl
🍝	spaghetti	spaghetti
🍠	sweet_potato	sweet_potato
🍢	oden	oden
🍣	sushi	sushi
🍤	fried_shrimp	fried_shrimp
🍥	fish_cake	fish_cake
🥮	moon_cake	moon_cake
🍡	dango	dango
🥟	dumpling	dumpling
🥠	fortune_cookie	fortune_cookie
🥡	takeout_box	takeout_box
🍦	icecream	icecream
🍧	shaved_ice	shaved_ice
🍨	ice_cream	ice_cream
🍩	doughnut	doughnut
🍪	cookie	cookie
🎂	birthday	birthday,birthday_cake
🍰	cake	cake,shortcake
🧁	cupcake	cupcake
🥧	pie	pie
🍫	chocolate_bar	chocolate_bar
🍬	candy	candy
🍭	lollipop	lollipop
🍮	custard	custard,pudding,flan
🍯	honey_pot	honey_pot
🍼	baby_bottle	baby_bottle
🥛	milk	milk,glass_of_milk
☕	coffee	coffee,hot_beverage
🫖	teapot	teapot
🍵	tea	tea
🍶	sake	sake
🍾	champagne	champagne,bottle_with_popping_cork
🍷	wine_glass	wine_glass
🍸	cocktail	cocktail
🍹	tropical_drink	tropical_drink
🍺	beer	beer,beer_mug
🍻	beers	beers
🥂	champagne_glass	champagne_glass,clinking_glass
🥃	tumbler_glass	tumbler_glass,whisky
🫗	pouring_liquid	pouring_liquid
🥤	cup_with_straw	cup_with_straw
🧋	bubble_tea	bubble_tea
🧃	beverage_box	beverage_box
🧉	mate	mate
🧊	ice_cube	ice_cube
🥢	chopsticks	chopsticks
🍽️	fork_knife_plate	fork_knife_plate,fork_and_knife_with_plate
🍴	fork_and_knife	fork_and_knife
🥄	spoon	spoon
🔪	knife	knife,kitchen_knife
🫙	jar	jar
🏺	amphora	amphora
🌍	earth_africa	earth_africa
🌎	earth_americas	earth_americas
🌏	earth_asia	earth_asia
🌐	globe_with_meridians	globe_with_meridians
🗺️	map	map,world_map
🗾	japan	japan,map_of_japan
🧭	compass	compass
🏔️	mountain_snow	mountain_snow,snow_capped_mountain
⛰️	mountain	mountain
🛘	landslide	landslide
🌋	volcano	volcano
🗻	mount_fuji	mount_fuji
🏕️	camping	camping
🏖️	beach	beach,beach_with_umbrella
🏜️	desert	desert
🏝️	island	island,desert_island
🏞️	park	park,national_park
🏟️	stadium	stadium
🏛️	classical_building	classical_building
🏗️	construction_site	construction_site,building_construction
🧱	bricks	bricks,brick
🪨	rock	rock
🪵	wood	wood
🛖	hut	hut
🏘️	homes	homes,house_buildings,houses
🏚️	house_abandoned	house_abandoned,derelict_house_building
🏠	house	house
🏡	house_with_garden	house_with_garden
🏢	office	office
🏣	post_office	post_office
🏤	european_post_office	european_post_office
🏥	hospital	hospital
🏦	bank	bank
🏨	hotel	hotel
🏩	love_hotel	love_hotel
🏪	convenience_store	convenience_store
🏫	school	school
🏬	department_store	department_store
🏭	factory	factory
🏯	japanese_castle	japanese_castle
🏰	european_castle	european_castle,castle
💒	wedding	wedding
🗼	tokyo_tower	tokyo_tower
🗽	statue_of_liberty	statue_of_liberty
⛪	church	church
🕌	mosque	mosque
🛕	hindu_temple	hindu_temple
🕍	synagogue	synagogue
⛩️	shinto_shrine	shinto_shrine
🕋	kaaba	kaaba
⛲	fountain	fountain
⛺	tent	tent
🌁	foggy	foggy
🌃	night_with_stars	night_with_stars
🏙️	cityscape	cityscape
🌄	sunrise_over_mountains	sunrise_over_mountains
🌅	sunrise	sunrise
🌆	city_dusk	city_dusk
🌇	city_sunset	city_sunset,city_sunrise,sunset
🌉	bridge_at_night	bridge_at_night
♨️	hotsprings	hotsprings,hot_springs
🎠	carousel_horse	carousel_horse
🛝	playground_slide	playground_slide
🎡	ferris_wheel	ferris_wheel
🎢	roller_coaster	roller_coaster
💈	barber	barber,barber_pole
🎪	circus_tent	circus_tent
🚂	steam_locomotive	steam_locomotive,locomotive
🚃	railway_car	railway_car
🚄	bullettrain_side	bullettrain_side
🚅	bullettrain_front	bullettrain_front,bullet_train
🚆	train2	train2
🚇	metro	metro
🚈	light_rail	light_rail
🚉	station	station
🚊	tram	tram
🚝	monorail	monorail
🚞	mountain_railway	mountain_railway
🚋	train	train,tram_car
🚌	bus	bus
🚍	oncoming_bus	oncoming_bus
🚎	trolleybus	trolleybus
🚐	minibus	minibus
🚑	ambulance	ambulance
🚒	fire_engine	fire_engine
🚓	police_car	police_car
🚔	oncoming_police_car	oncoming_police_car
🚕	taxi	taxi
🚖	oncoming_taxi	oncoming_taxi
🚗	red_car	red_car,automobile
🚘	oncoming_automobile	oncoming_automobile
🚙	blue_car	blue_car
🛻	pickup_truck	pickup_truck
🚚	truck	truck
🚛	articulated_lorry	articulated_lorry
🚜	tractor	tractor
🏎️	race_car	race_car,racing_car
🏍️	motorcycle	motorcycle,racing_motorcycle
🛵	motor_scooter	motor_scooter,motorbike
🦽	manual_wheelchair	manual_wheelchair
🦼	motorized_wheelchair	motorized_wheelchair
🛺	auto_rickshaw	auto_rickshaw
🚲	bike	bike,bicycle
🛴	scooter	scooter,kick_scooter
🛹	skateboard	skateboard
🛼	roller_skate	roller_skate
🚏	busstop	busstop,bus_stop
🛣️	motorway	motorway
🛤️	railway_track	railway_track,railroad_track
🛢️	oil	oil,oil_drum
⛽	fuelpump	fuelpump,fuel_pump
🛞	wheel	wheel
🚨	rotating_light	rotating_light
🚥	traffic_light	traffic_light
🚦	vertical_traffic_light	vertical_traffic_light
🛑	octagonal_sign	octagonal_sign,stop_sign
🚧	construction	construction
⚓	anchor	anchor
🛟	ring_buoy	ring_buoy
⛵	sailboat	sailboat
🛶	canoe	canoe,kayak
🚤	speedboat	speedboat
🛳️	cruise_ship	cruise_ship,passenger_ship
⛴️	ferry	ferry
🛥️	motorboat	motorboat,motor_boat
🚢	ship	ship
✈️	airplane	airplane
🛩️	airplane_small	airplane_small,small_airplane
🛫	airplane_departure	airplane_departure
🛬	airplane_arriving	airplane_arriving
🪂	parachute	parachute
💺	seat	seat
🚁	helicopter	helicopter
🚟	suspension_railway	suspension_railway
🚠	mountain_cableway	mountain_cableway
🚡	aerial_tramway	aerial_tramway
🛰️	satellite_orbital	satellite_orbital
🚀	rocket	rocket
🛸	flying_saucer	flying_saucer
🛎️	bellhop	bellhop,bellhop_bell
🧳	luggage	luggage
⌛	hourglass	hourglass
⏳	hourglass_flowing_sand	hourglass_flowing_sand
⌚	watch	watch
⏰	alarm_clock	alarm_clock
⏱️	stopwatch	stopwatch
⏲️	timer	timer,timer_clock
🕰️	clock	clock,mantlepiece_clock
🕛	clock12	clock12,twelve_oclock
🕧	clock1230	clock1230,twelve_thirty
🕐	clock1	clock1,one_oclock
🕜	clock130	clock130,one_thirty
🕑	clock2	clock2,two_oclock
🕝	clock230	clock230,two_thirty
🕒	clock3	clock3,three_oclock
🕞	clock330	clock330,three_thirty
🕓	clock4	clock4,four_oclock
🕟	clock430	clock430,four_thirty
🕔	clock5	clock5,five_oclock
🕠	clock530	clock530,five_thirty
🕕	clock6	clock6,six_oclock
🕡	clock630	clock630,six_thirty
🕖	clock7	clock7,seven_oclock
🕢	clock730	clock730,seven_thirty
🕗	clock8	clock8,eight_oclock
🕣	clock830	clock830,eight_thirty
🕘	clock9	clock9,nine_oclock
🕤	clock930	clock930,nine_thirty
🕙	clock10	clock10,ten_oclock
🕥	clock1030	clock1030,ten_thirty
🕚	clock11	clock11,eleven_oclock
🕦	clock1130	clock1130,eleven_thirty
🌑	new_moon	new_moon
🌒	waxing_crescent_moon	waxing_crescent_moon
🌓	first_quarter_moon	first_quarter_moon
🌔	waxing_gibbous_moon	waxing_gibbous_moon
🌕	full_moon	full_moon
🌖	waning_gibbous_moon	waning_gibbous_moon
🌗	last_quarter_moon	last_quarter_moon
🌘	waning_crescent_moon	waning_crescent_moon
🌙	crescent_moon	crescent_moon
🌚	new_moon_with_face	new_moon_with_face,new_moon_face
🌛	first_quarter_moon_with_face	first_quarter_moon_with_face
🌜	last_quarter_moon_with_face	last_quarter_moon_with_face
🌡️	thermometer	thermometer
☀️	sunny	sunny,sun
🌝	full_moon_with_face	full_moon_with_face
🌞	sun_with_face	sun_with_face
🪐	ringed_planet	ringed_planet
⭐	star	star
🌟	star2	star2,glowing_star
🌠	stars	stars,shooting_star
🌌	milky_way	milky_way
☁️	cloud	cloud
⛅	partly_sunny	partly_sunny
⛈️	thunder_cloud_rain	thunder_cloud_rain,thunder_cloud_and_rain
🌤️	white_sun_small_cloud	white_sun_small_cloud,white_sun_with_small_cloud
🌥️	white_sun_cloud	white_sun_cloud,white_sun_behind_cloud
🌦️	white_sun_rain_cloud	white_sun_rain_cloud,white_sun_behind_cloud_with_rain
🌧️	cloud_rain	cloud_rain,cloud_with_rain
🌨️	cloud_snow	cloud_snow,cloud_with_snow
🌩️	cloud_lightning	cloud_lightning,cloud_with_lightning
🌪️	cloud_tornado	cloud_tornado,cloud_with_tornado,tornado
🌫️	fog	fog
🌬️	wind_blowing_face	wind_blowing_face,wind_face
🌀	cyclone	cyclone
🌈	rainbow	rainbow
🌂	closed_umbrella	closed_umbrella
☂️	umbrella2	umbrella2
☔	umbrella	umbrella
⛱️	beach_umbrella	beach_umbrella,umbrella_on_ground
⚡	zap	zap,high_voltage
❄️	snowflake	snowflake
☃️	snowman2	snowman2
⛄	snowman	snowman
☄️	comet	comet
🔥	fire	fire,flame
💧	droplet	droplet
🌊	ocean	ocean,water_wave
🎃	jack_o_lantern	jack_o_lantern
🎄	christmas_tree	christmas_tree
🎆	fireworks	fireworks
🎇	sparkler	sparkler
🧨	firecracker	firecracker
✨	sparkles	sparkles
🎈	balloon	balloon
🎉	tada	tada,party_popper
🎊	confetti_ball	confetti_ball
🎋	tanabata_tree	tanabata_tree
🎍	bamboo	bamboo
🎎	dolls	dolls
🎏	flags	flags,carp_streamer
🎐	wind_chime	wind_chime
🎑	rice_scene	rice_scene
🧧	red_envelope	red_envelope
🎀	ribbon	ribbon
🎁	gift	gift,wrapped_gift
🎗️	reminder_ribbon	reminder_ribbon
🎟️	tickets	tickets,admission_tickets
🎫	ticket	ticket
🎖️	military_medal	military_medal
🏆	trophy	trophy
🏅	medal	medal,sports_medal
🥇	first_place	first_place,first_place_medal
🥈	second_place	second_place,second_place_medal
🥉	third_place	third_place,third_place_medal
⚽	soccer	soccer,soccer_ball,actual_football
⚾	baseball	baseball
🥎	softball	softball
🏀	basketball	basketball
🏐	volleyball	volleyball
🏈	football	football
🏉	rugby_football	rugby_football
🎾	tennis	tennis
🥏	flying_disc	flying_disc
🎳	bowling	bowling
🏏	cricket_game	cricket_game,cricket_bat_ball
🏑	field_hockey	field_hockey
🏒	hockey	hockey,ice_hockey
🥍	lacrosse	lacrosse
🏓	ping_pong	ping_pong,table_tennis
🏸	badminton	badminton
🥊	boxing_glove	boxing_glove,boxing_gloves
🥋	martial_arts_uniform	martial_arts_uniform,karate_uniform
🥅	goal	goal,goal_net
⛳	golf	golf,flag_in_hole
⛸️	ice_skate	ice_skate
🎣	fishing_pole_and_fish	fishing_pole_and_fish,fishing_pole
🤿	diving_mask	diving_mask
🎽	running_shirt_with_sash	running_shirt_with_sash,running_shirt
🎿	ski	ski,skis
🛷	sled	sled
🥌	curling_stone	curling_stone
🎯	dart	dart,direct_hit
🪀	yo_yo	yo_yo
🪁	kite	kite
🔫	gun	gun,pistol
🎱	8ball	8ball
🔮	crystal_ball	crystal_ball
🪄	magic_wand	magic_wand
🎮	video_game	video_game
🕹️	joystick	joystick
🎰	slot_machine	slot_machine
🎲	game_die	game_die
🧩	jigsaw	jigsaw,puzzle_piece
🧸	teddy_bear	teddy_bear
🪅	piñata	piñata,pinata
🪩	mirror_ball	mirror_ball
🪆	nesting_dolls	nesting_dolls
♠️	spades	spades,spade_suit
♥️	hearts	hearts,heart_suit
♦️	diamonds	diamonds,diamond_suit
♣️	clubs	clubs,club_suit
♟️	chess_pawn	chess_pawn
🃏	black_joker	black_joker,joker
🀄	mahjong	mahjong
🎴	flower_playing_cards	flower_playing_cards
🎭	performing_arts	performing_arts
🖼️	frame_photo	frame_photo,frame_with_picture
🎨	art	art
🧵	thread	thread
🪡	sewing_needle	sewing_needle
🧶	yarn	yarn
🪢	knot	knot
👓	eyeglasses	eyeglasses,glasses
🕶️	dark_sunglasses	dark_sunglasses
🥽	goggles	goggles
🥼	lab_coat	lab_coat
🦺	safety_vest	safety_vest
👔	necktie	necktie
👕	shirt	shirt,t_shirt
👖	jeans	jeans
🧣	scarf	scarf
🧤	gloves	gloves
🧥	coat	coat
🧦	socks	socks
👗	dress	dress
👘	kimono	kimono
🥻	sari	sari
🩱	one_piece_swimsuit	one_piece_swimsuit
🩲	briefs	briefs
🩳	shorts	shorts
👙	bikini	bikini
👚	womans_clothes	womans_clothes
🪭	folding_hand_fan	folding_hand_fan
👛	purse	purse
👜	handbag	handbag
👝	pouch	pouch,clutch_bag
🛍️	shopping_bags	shopping_bags
🎒	school_satchel	school_satchel,backpack
🩴	thong_sandal	thong_sandal
👞	mans_shoe	mans_shoe
👟	athletic_shoe	athletic_shoe,running_shoe
🥾	hiking_boot	hiking_boot
🥿	womans_flat_shoe	womans_flat_shoe,flat_shoe
👠	high_heel	high_heel
👡	sandal	sandal,womans_sandal
🩰	ballet_shoes	ballet_shoes
👢	boot	boot,womans_boot
🪮	hair_pick	hair_pick
👑	crown	crown
👒	womans_hat	womans_hat
🎩	tophat	tophat,top_hat
🎓	mortar_board	mortar_board
🧢	billed_cap	billed_cap
🪖	military_helmet	military_helmet
⛑️	helmet_with_cross	helmet_with_cross,helmet_with_white_cross
📿	prayer_beads	prayer_beads
💄	lipstick	lipstick
💍	ring	ring
💎	gem	gem,gem_stone
🔇	mute	mute,muted_speaker
🔈	speaker	speaker
🔉	sound	sound
🔊	loud_sound	loud_sound
📢	loudspeaker	loudspeaker
📣	mega	mega,megaphone
📯	postal_horn	postal_horn
🔔	bell	bell
🔕	no_bell	no_bell
🎼	musical_score	musical_score
🎵	musical_note	musical_note
🎶	notes	notes,musical_notes
🎙️	microphone2	microphone2,studio_microphone
🎚️	level_slider	level_slider
🎛️	control_knobs	control_knobs
🎤	microphone	microphone
🎧	headphones	headphones,headphone
📻	radio	radio
🎷	saxophone	saxophone
🎺	trumpet	trumpet
🪊	trombone	trombone
🪗	accordion	accordion
🎸	guitar	guitar
🎹	musical_keyboard	musical_keyboard
🎻	violin	violin
🪕	banjo	banjo
🥁	drum	drum,drum_with_drumsticks
🪘	long_drum	long_drum
🪇	maracas	maracas
🪈	flute	flute
🪉	harp	harp
📱	mobile_phone	mobile_phone,iphone
📲	calling	calling
☎️	telephone	telephone
📞	telephone_receiver	telephone_receiver
📟	pager	pager
📠	fax	fax,fax_machine
🔋	battery	battery
🪫	low_battery	low_battery
🔌	electric_plug	electric_plug
💻	computer	computer
🖥️	desktop	desktop,desktop_computer
🖨️	printer	printer
⌨️	keyboard	keyboard
🖱️	mouse_three_button	mouse_three_button,three_button_mouse
🖲️	trackball	trackball
💽	minidisc	minidisc,computer_disk
💾	floppy_disk	floppy_disk
💿	cd	cd,optical_disk
📀	dvd	dvd
🧮	abacus	abacus
🎥	movie_camera	movie_camera
🎞️	film_frames	film_frames
📽️	projector	projector,film_projector
🎬	clapper	clapper,clapper_board
📺	tv	tv,television
📷	camera	camera
📸	camera_with_flash	camera_with_flash
📹	video_camera	video_camera
📼	vhs	vhs,videocassette
🔍	mag	mag
🔎	mag_right	mag_right
🕯️	candle	candle
💡	bulb	bulb,light_bulb
🔦	flashlight	flashlight
🏮	izakaya_lantern	izakaya_lantern
🪔	diya_lamp	diya_lamp
📔	notebook_with_decorative_cover	notebook_with_decorative_cover
📕	closed_book	closed_book
📖	book	book,open_book
📗	green_book	green_book
📘	blue_book	blue_book
📙	orange_book	orange_book
📚	books	books
📓	notebook	notebook
📒	ledger	ledger
📃	page_with_curl	page_with_curl
📜	scroll	scroll
📄	page_facing_up	page_facing_up
📰	newspaper	newspaper
🗞️	newspaper2	newspaper2,rolled_up_newspaper
📑	bookmark_tabs	bookmark_tabs
🔖	bookmark	bookmark
🏷️	label	label
🪙	coin	coin
💰	moneybag	moneybag,money_bag
🪎	treasure_chest	treasure_chest
💴	yen	yen,yen_banknote
💵	dollar	dollar
💶	euro	euro,euro_banknote
💷	pound	pound
💸	money_with_wings	money_with_wings
💳	credit_card	credit_card
🧾	receipt	receipt
💹	chart	chart
✉️	envelope	envelope
📧	e_mail	e_mail,email
📨	incoming_envelope	incoming_envelope
📩	envelope_with_arrow	envelope_with_arrow
📤	outbox_tray	outbox_tray
📥	inbox_tray	inbox_tray
📦	package	package
📫	mailbox	mailbox
📪	mailbox_closed	mailbox_closed
📬	mailbox_with_mail	mailbox_with_mail
📭	mailbox_with_no_mail	mailbox_with_no_mail
📮	postbox	postbox
🗳️	ballot_box	ballot_box,ballot_box_with_ballot
✏️	pencil2	pencil2
✒️	black_nib	black_nib
🖋️	pen_fountain	pen_fountain,lower_left_fountain_pen,fountain_pen
🖊️	pen_ballpoint	pen_ballpoint,lower_left_ballpoint_pen,pen
🖌️	paintbrush	paintbrush,lower_left_paintbrush
🖍️	crayon	crayon,lower_left_crayon
📝	pencil	pencil,memo
💼	briefcase	briefcase
📁	file_folder	file_folder
📂	open_file_folder	open_file_folder
🗂️	dividers	dividers,card_index_dividers
📅	date	date
📆	calendar	calendar
🗒️	notepad_spiral	notepad_spiral,spiral_note_pad
🗓️	calendar_spiral	calendar_spiral,spiral_calendar_pad
📇	card_index	card_index
📈	chart_with_upwards_trend	chart_with_upwards_trend
📉	chart_with_downwards_trend	chart_with_downwards_trend
📊	bar_chart	bar_chart
📋	clipboard	clipboard
📌	pushpin	pushpin
📍	round_pushpin	round_pushpin
📎	paperclip	paperclip
🖇️	paperclips	paperclips,linked_paperclips
📏	straight_ruler	straight_ruler
📐	triangular_ruler	triangular_ruler
✂️	scissors	scissors
🗃️	card_box	card_box,card_file_box
🗄️	file_cabinet	file_cabinet
🗑️	wastebasket	wastebasket
🔒	lock	lock,locked
🔓	unlock	unlock,unlocked
🔏	lock_with_ink_pen	lock_with_ink_pen
🔐	closed_lock_with_key	closed_lock_with_key
🔑	key	key
🗝️	key2	key2,old_key
🔨	hammer	hammer
🪓	axe	axe
⛏️	pick	pick
⚒️	hammer_pick	hammer_pick,hammer_and_pick
🛠️	tools	tools,hammer_and_wrench
🗡️	dagger	dagger,dagger_knife
⚔️	crossed_swords	crossed_swords
💣	bomb	bomb
🪃	boomerang	boomerang
🏹	bow_and_arrow	bow_and_arrow,archery
🛡️	shield	shield
🪚	carpentry_saw	carpentry_saw
🔧	wrench	wrench
🪛	screwdriver	screwdriver
🔩	nut_and_bolt	nut_and_bolt
⚙️	gear	gear
🗜️	compression	compression,clamp
⚖️	scales	scales,balance_scale
🦯	probing_cane	probing_cane
🔗	link	link
⛓️‍💥	broken_chain	broken_chain
⛓️	chains	chains
🪝	hook	hook
🧰	toolbox	toolbox
🧲	magnet	magnet
🪜	ladder	ladder
🪏	shovel	shovel
⚗️	alembic	alembic
🧪	test_tube	test_tube
🧫	petri_dish	petri_dish
🧬	dna	dna
🔬	microscope	microscope
🔭	telescope	telescope
📡	satellite	satellite
💉	syringe	syringe
🩸	drop_of_blood	drop_of_blood
💊	pill	pill
🩹	adhesive_bandage	adhesive_bandage
🩼	crutch	crutch
🩺	stethoscope	stethoscope
🩻	x_ray	x_ray
🚪	door	door
🛗	elevator	elevator
🪞	mirror	mirror
🪟	window	window
🛏️	bed	bed
🛋️	couch	couch,couch_and_lamp
🪑	chair	chair
🚽	toilet	toilet
🪠	plunger	plunger
🚿	shower	shower
🛁	bathtub	bathtub
🪤	mouse_trap	mouse_trap
🪒	razor	razor
🧴	squeeze_bottle	squeeze_bottle,lotion_bottle
🧷	safety_pin	safety_pin
🧹	broom	broom
🧺	basket	basket
🧻	roll_of_paper	roll_of_paper
🪣	bucket	bucket
🧼	soap	soap
🫧	bubbles	bubbles
🪥	toothbrush	toothbrush
🧽	sponge	sponge
🧯	fire_extinguisher	fire_extinguisher
🛒	shopping_cart	shopping_cart,shopping_trolley
🚬	smoking	smoking,cigarette
⚰️	coffin	coffin
🪦	headstone	headstone
⚱️	urn	urn,funeral_urn
🧿	nazar_amulet	nazar_amulet
🪬	hamsa	hamsa
🗿	moyai	moyai,moai
🪧	placard	placard
🪪	identification_card	identification_card
🏧	atm	atm
🚮	put_litter_in_its_place	put_litter_in_its_place
🚰	potable_water	potable_water
♿	wheelchair	wheelchair
🚹	mens	mens,mens_room
🚺	womens	womens,womens_room
🚻	restroom	restroom
🚼	baby_symbol	baby_symbol
🚾	wc	wc,water_closet
🛂	passport_control	passport_control
🛃	customs	customs
🛄	baggage_claim	baggage_claim
🛅	left_luggage	left_luggage
⚠️	warning	warning
🚸	children_crossing	children_crossing
⛔	no_entry	no_entry
🚫	no_entry_sign	no_entry_sign,prohibited
🚳	no_bicycles	no_bicycles
🚭	no_smoking	no_smoking
🚯	do_not_litter	do_not_litter,no_littering
🚱	non_potable_water	non_potable_water
🚷	no_pedestrians	no_pedestrians
📵	no_mobile_phones	no_mobile_phones
🔞	underage	underage
☢️	radioactive	radioactive,radioactive_sign
☣️	biohazard	biohazard,biohazard_sign
⬆️	arrow_up	arrow_up,up_arrow
↗️	arrow_upper_right	arrow_upper_right
➡️	arrow_right	arrow_right,right_arrow
↘️	arrow_lower_right	arrow_lower_right
⬇️	arrow_down	arrow_down,down_arrow
↙️	arrow_lower_left	arrow_lower_left
⬅️	arrow_left	arrow_left,left_arrow
↖️	arrow_upper_left	arrow_upper_left,up_left_arrow
↕️	arrow_up_down	arrow_up_down,up_down_arrow
↔️	left_right_arrow	left_right_arrow
↩️	leftwards_arrow_with_hook	leftwards_arrow_with_hook
↪️	arrow_right_hook	arrow_right_hook
⤴️	arrow_heading_up	arrow_heading_up
⤵️	arrow_heading_down	arrow_heading_down
🔃	arrows_clockwise	arrows_clockwise
🔄	arrows_counterclockwise	arrows_counterclockwise
🔙	back	back,back_arrow
🔚	end	end,end_arrow
🔛	on	on,on_arrow
🔜	soon	soon,soon_arrow
🔝	top	top,top_arrow
🛐	place_of_worship	place_of_worship,worship_symbol
⚛️	atom	atom,atom_symbol
🕉️	om_symbol	om_symbol
✡️	star_of_david	star_of_david
☸️	wheel_of_dharma	wheel_of_dharma
☯️	yin_yang	yin_yang
✝️	cross	cross,latin_cross
☦️	orthodox_cross	orthodox_cross
☪️	star_and_crescent	star_and_crescent
☮️	peace	peace,peace_symbol
🕎	menorah	menorah
🔯	six_pointed_star	six_pointed_star
🪯	khanda	khanda
♈	aries	aries
♉	taurus	taurus
♊	gemini	gemini
♋	cancer	cancer
♌	leo	leo
♍	virgo	virgo
♎	libra	libra
♏	scorpius	scorpius,scorpio
♐	sagittarius	sagittarius
♑	capricorn	capricorn
♒	aquarius	aquarius
♓	pisces	pisces
⛎	ophiuchus	ophiuchus
🔀	twisted_rightwards_arrows	twisted_rightwards_arrows
🔁	repeat	repeat
🔂	repeat_one	repeat_one
▶️	arrow_forward	arrow_forward
⏩	fast_forward	fast_forward
⏭️	track_next	track_next,next_track
⏯️	play_pause	play_pause
◀️	arrow_backward	arrow_backward
⏪	rewind	rewind
⏮️	track_previous	track_previous,previous_track
🔼	arrow_up_small	arrow_up_small
⏫	arrow_double_up	arrow_double_up
🔽	arrow_down_small	arrow_down_small
⏬	arrow_double_down	arrow_double_down
⏸️	pause_button	pause_button,double_vertical_bar
⏹️	stop_button	stop_button
⏺️	record_button	record_button
⏏️	eject	eject,eject_symbol
🎦	cinema	cinema
🔅	low_brightness	low_brightness
🔆	high_brightness	high_brightness
📶	signal_strength	signal_strength,antenna_bars
🛜	wireless	wireless
📳	vibration_mode	vibration_mode
📴	mobile_phone_off	mobile_phone_off
♀️	female_sign	female_sign
♂️	male_sign	male_sign
⚧️	transgender_symbol	transgender_symbol
✖️	heavy_multiplication_x	heavy_multiplication_x
➕	heavy_plus_sign	heavy_plus_sign
➖	heavy_minus_sign	heavy_minus_sign
➗	heavy_division_sign	heavy_division_sign
🟰	heavy_equals_sign	heavy_equals_sign
♾️	infinity	infinity
‼️	bangbang	bangbang
⁉️	interrobang	interrobang
❓	question	question,question_mark
❔	grey_question	grey_question
❕	grey_exclamation	grey_exclamation
❗	exclamation	exclamation
〰️	wavy_dash	wavy_dash
💱	currency_exchange	currency_exchange
💲	heavy_dollar_sign	heavy_dollar_sign
⚕️	medical_symbol	medical_symbol
♻️	recycle	recycle
⚜️	fleur_de_lis	fleur_de_lis
🔱	trident	trident
📛	name_badge	name_badge
🔰	beginner	beginner
⭕	o	o
✅	white_check_mark	white_check_mark
☑️	ballot_box_with_check	ballot_box_with_check
✔️	heavy_check_mark	heavy_check_mark,check_mark
❌	x	x,cross_mark
❎	negative_squared_cross_mark	negative_squared_cross_mark
➰	curly_loop	curly_loop
➿	loop	loop
〽️	part_alternation_mark	part_alternation_mark
✳️	eight_spoked_asterisk	eight_spoked_asterisk
✴️	eight_pointed_black_star	eight_pointed_black_star
❇️	sparkle	sparkle
©️	copyright	copyright,c
®️	registered	registered,r
™️	tm	tm,trade_mark
🫟	splatter	splatter
#️⃣	hash	hash
*️⃣	asterisk	asterisk,keycap_asterisk
0️⃣	zero	zero,number_0
1️⃣	one	one,number_1
2️⃣	two	two,number_2
3️⃣	three	three,number_3
4️⃣	four	four,number_4
5️⃣	five	five,number_5
6️⃣	six	six,number_6
7️⃣	seven	seven,number_7
8️⃣	eight	eight,number_8
9️⃣	nine	nine,number_9
🔟	keycap_ten	keycap_ten,number_10
🔠	capital_abcd	capital_abcd
🔡	abcd	abcd
🔢	1234	1234,input_numbers
🔣	symbols	symbols,input_symbols
🔤	abc	abc
🅰️	a	a
🆎	ab	ab
🅱️	b	b
🆑	cl	cl
🆒	cool	cool
🆓	free	free
ℹ️	information_source	information_source,information
🆔	id	id
Ⓜ️	m	m,circled_m
🆕	new	new
🆖	ng	ng
🅾️	o2	o2
🆗	ok	ok
🅿️	parking	parking
🆘	sos	sos
🆙	up	up
🆚	vs	vs
🈁	koko	koko
🈂️	sa	sa
🈷️	u6708	u6708
🈶	u6709	u6709
🈯	u6307	u6307
🉐	ideograph_advantage	ideograph_advantage
🈹	u5272	u5272
🈚	u7121	u7121
🈲	u7981	u7981
🉑	accept	accept
🈸	u7533	u7533
🈴	u5408	u5408
🈳	u7a7a	u7a7a
㊗️	congratulations	congratulations
㊙️	secret	secret
🈺	u55b6	u55b6
🈵	u6e80	u6e80
🔴	red_circle	red_circle
🟠	orange_circle	orange_circle
🟡	yellow_circle	yellow_circle
🟢	green_circle	green_circle
🔵	blue_circle	blue_circle
🟣	purple_circle	purple_circle
🟤	brown_circle	brown_circle
⚫	black_circle	black_circle
⚪	white_circle	white_circle
🟥	red_square	red_square
🟧	orange_square	orange_square
🟨	yellow_square	yellow_square
🟩	green_square	green_square
🟦	blue_square	blue_square
🟪	purple_square	purple_square
🟫	brown_square	brown_square
⬛	black_large_square	black_large_square
⬜	white_large_square	white_large_square
◼️	black_medium_square	black_medium_square
◻️	white_medium_square	white_medium_square
◾	black_medium_small_square	black_medium_small_square
◽	white_medium_small_square	white_medium_small_square
▪️	black_small_square	black_small_square
▫️	white_small_square	white_small_square
🔶	large_orange_diamond	large_orange_diamond
🔷	large_blue_diamond	large_blue_diamond
🔸	small_orange_diamond	small_orange_diamond
🔹	small_blue_diamond	small_blue_diamond
🔺	small_red_triangle	small_red_triangle
🔻	small_red_triangle_down	small_red_triangle_down
💠	diamond_shape_with_a_dot_inside	diamond_shape_with_a_dot_inside
🔘	radio_button	radio_button
🔳	white_square_button	white_square_button
🔲	black_square_button	black_square_button
🏁	checkered_flag	checkered_flag
🚩	triangular_flag_on_post	triangular_flag_on_post
🎌	crossed_flags	crossed_flags
🏴	flag_black	flag_black
🏳️	flag_white	flag_white
🏳️‍🌈	rainbow_flag	rainbow_flag,gay_pride_flag
🏳️‍⚧️	transgender_flag	transgender_flag
🏴‍☠️	pirate_flag	pirate_flag
🇦🇨	flag_ac	flag_ac
🇦🇩	flag_ad	flag_ad
🇦🇪	flag_ae	flag_ae
🇦🇫	flag_af	flag_af
🇦🇬	flag_ag	flag_ag
🇦🇮	flag_ai	flag_ai
🇦🇱	flag_al	flag_al
🇦🇲	flag_am	flag_am
🇦🇴	flag_ao	flag_ao
🇦🇶	flag_aq	flag_aq
🇦🇷	flag_ar	flag_ar
🇦🇸	flag_as	flag_as
🇦🇹	flag_at	flag_at
🇦🇺	flag_au	flag_au
🇦🇼	flag_aw	flag_aw
🇦🇽	flag_ax	flag_ax
🇦🇿	flag_az	flag_az
🇧🇦	flag_ba	flag_ba
🇧🇧	flag_bb	flag_bb
🇧🇩	flag_bd	flag_bd
🇧🇪	flag_be	flag_be
🇧🇫	flag_bf	flag_bf
🇧🇬	flag_bg	flag_bg
🇧🇭	flag_bh	flag_bh
🇧🇮	flag_bi	flag_bi
🇧🇯	flag_bj	flag_bj
🇧🇱	flag_bl	flag_bl
🇧🇲	flag_bm	flag_bm
🇧🇳	flag_bn	flag_bn
🇧🇴	flag_bo	flag_bo
🇧🇶	flag_bq	flag_bq
🇧🇷	flag_br	flag_br
🇧🇸	flag_bs	flag_bs
🇧🇹	flag_bt	flag_bt
🇧🇻	flag_bv	flag_bv
🇧🇼	flag_bw	flag_bw
🇧🇾	flag_by	flag_by
🇧🇿	flag_bz	flag_bz
🇨🇦	flag_ca	flag_ca
🇨🇨	flag_cc	flag_cc
🇨🇩	flag_cd	flag_cd
🇨🇫	flag_cf	flag_cf
🇨🇬	flag_cg	flag_cg
🇨🇭	flag_ch	flag_ch
🇨🇮	flag_ci	flag_ci
🇨🇰	flag_ck	flag_ck
🇨🇱	flag_cl	flag_cl
🇨🇲	flag_cm	flag_cm
🇨🇳	flag_cn	flag_cn
🇨🇴	flag_co	flag_co
🇨🇵	flag_cp	flag_cp
🇨🇶	flag_sark	flag_sark
🇨🇷	flag_cr	flag_cr
🇨🇺	flag_cu	flag_cu
🇨🇻	flag_cv	flag_cv
🇨🇼	flag_cw	flag_cw
🇨🇽	flag_cx	flag_cx
🇨🇾	flag_cy	flag_cy
🇨🇿	flag_cz	flag_cz
🇩🇪	flag_de	flag_de
🇩🇬	flag_dg	flag_dg
🇩🇯	flag_dj	flag_dj
🇩🇰	flag_dk	flag_dk
🇩🇲	flag_dm	flag_dm
🇩🇴	flag_do	flag_do
🇩🇿	flag_dz	flag_dz
🇪🇦	flag_ea	flag_ea
🇪🇨	flag_ec	flag_ec
🇪🇪	flag_ee	flag_ee
🇪🇬	flag_eg	flag_eg
🇪🇭	flag_eh	flag_eh
🇪🇷	flag_er	flag_er
🇪🇸	flag_es	flag_es
🇪🇹	flag_et	flag_et
🇪🇺	flag_eu	flag_eu
🇫🇮	flag_fi	flag_fi
🇫🇯	flag_fj	flag_fj
🇫🇰	flag_fk	flag_fk
🇫🇲	flag_fm	flag_fm
🇫🇴	flag_fo	flag_fo
🇫🇷	flag_fr	flag_fr
🇬🇦	flag_ga	flag_ga
🇬🇧	flag_gb	flag_gb
🇬🇩	flag_gd	flag_gd
🇬🇪	flag_ge	flag_ge
🇬🇫	flag_gf	flag_gf
🇬🇬	flag_gg	flag_gg
🇬🇭	flag_gh	flag_gh
🇬🇮	flag_gi	flag_gi
🇬🇱	flag_gl	flag_gl
🇬🇲	flag_gm	flag_gm
🇬🇳	flag_gn	flag_gn
🇬🇵	flag_gp	flag_gp
🇬🇶	flag_gq	flag_gq
🇬🇷	flag_gr	flag_gr
🇬🇸	flag_gs	flag_gs
🇬🇹	flag_gt	flag_gt
🇬🇺	flag_gu	flag_gu
🇬🇼	flag_gw	flag_gw
🇬🇾	flag_gy	flag_gy
🇭🇰	flag_hk	flag_hk
🇭🇲	flag_hm	flag_hm
🇭🇳	flag_hn	flag_hn
🇭🇷	flag_hr	flag_hr
🇭🇹	flag_ht	flag_ht
🇭🇺	flag_hu	flag_hu
🇮🇨	flag_ic	flag_ic
🇮🇩	flag_id	flag_id
🇮🇪	flag_ie	flag_ie
🇮🇱	flag_il	flag_il
🇮🇲	flag_im	flag_im
🇮🇳	flag_in	flag_in
🇮🇴	flag_io	flag_io
🇮🇶	flag_iq	flag_iq
🇮🇷	flag_ir	flag_ir
🇮🇸	flag_is	flag_is
🇮🇹	flag_it	flag_it
🇯🇪	flag_je	flag_je
🇯🇲	flag_jm	flag_jm
🇯🇴	flag_jo	flag_jo
🇯🇵	flag_jp	flag_jp
🇰🇪	flag_ke	flag_ke
🇰🇬	flag_kg	flag_kg
🇰🇭	flag_kh	flag_kh
🇰🇮	flag_ki	flag_ki
🇰🇲	flag_km	flag_km
🇰🇳	flag_kn	flag_kn
🇰🇵	flag_kp	flag_kp
🇰🇷	flag_kr	flag_kr
🇰🇼	flag_kw	flag_kw
🇰🇾	flag_ky	flag_ky
🇰🇿	flag_kz	flag_kz
🇱🇦	flag_la	flag_la
🇱🇧	flag_lb	flag_lb
🇱🇨	flag_lc	flag_lc
🇱🇮	flag_li	flag_li
🇱🇰	flag_lk	flag_lk
🇱🇷	flag_lr	flag_lr
🇱🇸	flag_ls	flag_ls
🇱🇹	flag_lt	flag_lt
🇱🇺	flag_lu	flag_lu
🇱🇻	flag_lv	flag_lv
🇱🇾	flag_ly	flag_ly
🇲🇦	flag_ma	flag_ma
🇲🇨	flag_mc	flag_mc
🇲🇩	flag_md	flag_md
🇲🇪	flag_me	flag_me
🇲🇫	flag_mf	flag_mf
🇲🇬	flag_mg	flag_mg
🇲🇭	flag_mh	flag_mh
🇲🇰	flag_mk	flag_mk
🇲🇱	flag_ml	flag_ml
🇲🇲	flag_mm	flag_mm
🇲🇳	flag_mn	flag_mn
🇲🇴	flag_mo	flag_mo
🇲🇵	flag_mp	flag_mp
🇲🇶	flag_mq	flag_mq
🇲🇷	flag_mr	flag_mr
🇲🇸	flag_ms	flag_ms
🇲🇹	flag_mt	flag_mt
🇲🇺	flag_mu	flag_mu
🇲🇻	flag_mv	flag_mv
🇲🇼	flag_mw	flag_mw
🇲🇽	flag_mx	flag_mx
🇲🇾	flag_my	flag_my
🇲🇿	flag_mz	flag_mz
🇳🇦	flag_na	flag_na
🇳🇨	flag_nc	flag_nc
🇳🇪	flag_ne	flag_ne
🇳🇫	flag_nf	flag_nf
🇳🇬	flag_ng	flag_ng
🇳🇮	flag_ni	flag_ni
🇳🇱	flag_nl	flag_nl
🇳🇴	flag_no	flag_no
🇳🇵	flag_np	flag_np
🇳🇷	flag_nr	flag_nr
🇳🇺	flag_nu	flag_nu
🇳🇿	flag_nz	flag_nz
🇴🇲	flag_om	flag_om
🇵🇦	flag_pa	flag_pa
🇵🇪	flag_pe	flag_pe
🇵🇫	flag_pf	flag_pf
🇵🇬	flag_pg	flag_pg
🇵🇭	flag_ph	flag_ph
🇵🇰	flag_pk	flag_pk
🇵🇱	flag_pl	flag_pl
🇵🇲	flag_pm	flag_pm
🇵🇳	flag_pn	flag_pn
🇵🇷	flag_pr	flag_pr
🇵🇸	flag_ps	flag_ps
🇵🇹	flag_pt	flag_pt
🇵🇼	flag_pw	flag_pw
🇵🇾	flag_py	flag_py
🇶🇦	flag_qa	flag_qa
🇷🇪	flag_re	flag_re
🇷🇴	flag_ro	flag_ro
🇷🇸	flag_rs	flag_rs
🇷🇺	flag_ru	flag_ru
🇷🇼	flag_rw	flag_rw
🇸🇦	flag_sa	flag_sa
🇸🇧	flag_sb	flag_sb
🇸🇨	flag_sc	flag_sc
🇸🇩	flag_sd	flag_sd
🇸🇪	flag_se	flag_se
🇸🇬	flag_sg	flag_sg
🇸🇭	flag_sh	flag_sh
🇸🇮	flag_si	flag_si
🇸🇯	flag_sj	flag_sj
🇸🇰	flag_sk	flag_sk
🇸🇱	flag_sl	flag_sl
🇸🇲	flag_sm	flag_sm
🇸🇳	flag_sn	flag_sn
🇸🇴	flag_so	flag_so
🇸🇷	flag_sr	flag_sr
🇸🇸	flag_ss	flag_ss
🇸🇹	flag_st	flag_st
🇸🇻	flag_sv	flag_sv
🇸🇽	flag_sx	flag_sx
🇸🇾	flag_sy	flag_sy
🇸🇿	flag_sz	flag_sz
🇹🇦	flag_ta	flag_ta
🇹🇨	flag_tc	flag_tc
🇹🇩	flag_td	flag_td
🇹🇫	flag_tf	flag_tf
🇹🇬	flag_tg	flag_tg
🇹🇭	flag_th	flag_th
🇹🇯	flag_tj	flag_tj
🇹🇰	flag_tk	flag_tk
🇹🇱	flag_tl	flag_tl
🇹🇲	flag_tm	flag_tm
🇹🇳	flag_tn	flag_tn
🇹🇴	flag_to	flag_to
🇹🇷	flag_tr	flag_tr
🇹🇹	flag_tt	flag_tt
🇹🇻	flag_tv	flag_tv
🇹🇼	flag_tw	flag_tw
🇹🇿	flag_tz	flag_tz
🇺🇦	flag_ua	flag_ua
🇺🇬	flag_ug	flag_ug
🇺🇲	flag_um	flag_um
🇺🇳	united_nations	united_nations
🇺🇸	flag_us	flag_us
🇺🇾	flag_uy	flag_uy
🇺🇿	flag_uz	flag_uz
🇻🇦	flag_va	flag_va
🇻🇨	flag_vc	flag_vc
🇻🇪	flag_ve	flag_ve
🇻🇬	flag_vg	flag_vg
🇻🇮	flag_vi	flag_vi
🇻🇳	flag_vn	flag_vn
🇻🇺	flag_vu	flag_vu
🇼🇫	flag_wf	flag_wf
🇼🇸	flag_ws	flag_ws
🇽🇰	flag_xk	flag_xk
🇾🇪	flag_ye	flag_ye
🇾🇹	flag_yt	flag_yt
🇿🇦	flag_za	flag_za
🇿🇲	flag_zm	flag_zm
🇿🇼	flag_zw	flag_zw
🏴󠁧󠁢󠁥󠁮󠁧󠁿	england	england
🏴󠁧󠁢󠁳󠁣󠁴󠁿	scotland	scotland
🏴󠁧󠁢󠁷󠁬󠁳󠁿	wales	wales
